{"31669616000019": {"lat": 48.857845, "lon": 2.345636, "adresse": "2 RUE EDOUARD COLONNE 75001 PARIS", "codePostal": "75001", "commune": "PARIS"}, "32385721900345": {"lat": 48.87074, "lon": 2.343155, "adresse": "21 RUE D'UZES 75002 PARIS", "codePostal": "75002", "commune": "PARIS"}, "32385721900097": {"lat": 48.87074, "lon": 2.343155, "adresse": "21 RUE D'UZES 75002 PARIS", "codePostal": "75002", "commune": "PARIS"}, "77566172100024": {"lat": 48.857346, "lon": 2.34779, "adresse": "ANGL 16 Q DE GESVRES 2 PLACE DU CHATELET 75004 PARIS", "codePostal": "75004", "commune": "PARIS"}, "34482479200032": {"lat": 48.852284, "lon": 2.274995, "adresse": "9 RUE JEAN DE LA FONTAINE 75016 PARIS", "codePostal": "75016", "commune": "PARIS"}, "49287771700024": {"lat": 48.888952, "lon": 2.392454, "adresse": "211 AV JEAN JAURES 75019 PARIS 19", "codePostal": "75019", "commune": "PARIS 19"}, "32385717700279": {"lat": 48.895862, "lon": 2.38219, "adresse": "32 RUE DE CAMBRAI 75019 PARIS", "codePostal": "75019", "commune": "PARIS"}, "49447045300023": {"lat": 48.853012, "lon": 2.362703, "adresse": "8 B RUE CHARLES V 75004 PARIS", "codePostal": "75004", "commune": "PARIS"}, "78481011100251": {"lat": 48.862478, "lon": 2.367835, "adresse": "102 C RUE AMELOT 75011 PARIS", "codePostal": "75011", "commune": "PARIS"}, "77567137300154": {"lat": 48.863979, "lon": 2.355134, "adresse": "76 RUE BEAUBOURG 75003 PARIS", "codePostal": "75003", "commune": "PARIS"}, "33212365200023": {"lat": 48.86196, "lon": 2.346687, "adresse": "FORUM DES HALLES PORTE SAINT-EUSTACHE 75001 PARIS", "codePostal": "75001", "commune": "PARIS"}, "78423753900043": {"lat": 48.825563, "lon": 2.38353, "adresse": "5EME ETAGE 15 RUE JEAN-BAPTISTE BERLIER 75013 PARIS", "codePostal": "75013", "commune": "PARIS"}, "77567064900067": {"lat": 48.892099, "lon": 2.394786, "adresse": "191 BOULEVARD SERURIER 75019 PARIS", "codePostal": "75019", "commune": "PARIS"}, "78423753900068": {"lat": 48.825563, "lon": 2.38353, "adresse": "5EME ETAGE 15 RUE JEAN-BAPTISTE BERLIER 75013 PARIS", "codePostal": "75013", "commune": "PARIS"}, "53132862300149": {"lat": 48.889595, "lon": 2.363068, "adresse": "22 RUE PAJOL 75018 PARIS", "codePostal": "75018", "commune": "PARIS"}, "77567137300220": {"lat": 48.863979, "lon": 2.355134, "adresse": "76 RUE BEAUBOURG 75003 PARIS", "codePostal": "75003", "commune": "PARIS"}, "77567137300212": {"lat": 48.863979, "lon": 2.355134, "adresse": "76 RUE BEAUBOURG 75003 PARIS", "codePostal": "75003", "commune": "PARIS"}, "35355631900021": {"lat": 48.91076, "lon": 2.380323, "adresse": "51 RUE DE LA COMMUNE DE PARIS 93300 AUBERVILLIERS", "codePostal": "93300", "commune": "AUBERVILLIERS"}, "31390568900078": {"lat": 48.889311, "lon": 2.393824, "adresse": "221 AVENUE JEAN JAURES 75019 PARIS", "codePostal": "75019", "commune": "PARIS"}, "45234009400203": {"lat": 48.869209, "lon": 2.360352, "adresse": "10 RUE DE LANCRY 75010 PARIS", "codePostal": "75010", "commune": "PARIS"}, "31293687500078": {"lat": 48.850017, "lon": 2.369748, "adresse": "7 RUE BISCORNET 75012 PARIS", "codePostal": "75012", "commune": "PARIS"}, "31373068100043": {"lat": 48.854893, "lon": 2.359078, "adresse": "5 RUE DE FOURCY 75004 PARIS", "codePostal": "75004", "commune": "PARIS"}, "77566670400975": {"lat": 48.877719, "lon": 2.36971, "adresse": "5 PLACE DU COLONEL FABIEN 75010 PARIS", "codePostal": "75010", "commune": "PARIS"}, "53132862300123": {"lat": 48.889595, "lon": 2.363068, "adresse": "22 RUE PAJOL 75018 PARIS", "codePostal": "75018", "commune": "PARIS"}, "53132862300073": {"lat": 48.889595, "lon": 2.363068, "adresse": "22 RUE PAJOL 75018 PARIS", "codePostal": "75018", "commune": "PARIS"}, "78439642600032": {"lat": 48.875465, "lon": 2.316343, "adresse": "48 RUE DE LABORDE 75008 PARIS", "codePostal": "75008", "commune": "PARIS"}, "31723624800017": {"lat": 48.860017, "lon": 2.345244, "adresse": "32 RUE DES BOURDONNAIS 75001 PARIS", "codePostal": "75001", "commune": "PARIS"}, "35118614300175": {"lat": 48.844295, "lon": 2.331113, "adresse": "12 RUE VAVIN 75006 PARIS", "codePostal": "75006", "commune": "PARIS"}, "40895436000033": {"lat": 48.894069, "lon": 2.35423, "adresse": "48 RUE RENE CLAIR 75018 PARIS", "codePostal": "75018", "commune": "PARIS"}, "78480968300013": {"lat": 48.878208, "lon": 2.382497, "adresse": "35 RUE DU PLATEAU 75019 PARIS", "codePostal": "75019", "commune": "PARIS"}, "34462055400016": {"lat": 48.850688, "lon": 2.362387, "adresse": "21 BOULEVARD MORLAND 75004 PARIS", "codePostal": "75004", "commune": "PARIS"}, "53067796200017": {"lat": 48.856586, "lon": 2.353225, "adresse": "PLACE DE L' HOTEL DE VILLE 5 RUE DE LOBAU 75004 PARIS", "codePostal": "75004", "commune": "PARIS"}, "39027802600047": {"lat": 48.86644, "lon": 2.405173, "adresse": "15 RUE DES MONTIBOEUFS 75020 PARIS", "codePostal": "75020", "commune": "PARIS"}, "77573329800332": {"lat": 48.854579, "lon": 2.417068, "adresse": "261 RUE DE PARIS 93100 MONTREUIL", "codePostal": "93100", "commune": "MONTREUIL"}, "34843510800017": {"lat": 48.860956, "lon": 2.355617, "adresse": "HOTEL ST AIGNAN 71 RUE DU TEMPLE 75003 PARIS", "codePostal": "75003", "commune": "PARIS"}, "78441204100013": {"lat": 48.878496, "lon": 2.337741, "adresse": "28 PLACE SAINT-GEORGES 75009 PARIS", "codePostal": "75009", "commune": "PARIS"}, "77567227221138": {"lat": 48.827226, "lon": 2.314209, "adresse": "SITE CROIX ROUGE 98 RUE DIDOT 75014 PARIS", "codePostal": "75014", "commune": "PARIS"}, "77568109100010": {"lat": 48.84202, "lon": 2.397968, "adresse": "76 RUE DE PICPUS 75012 PARIS", "codePostal": "75012", "commune": "PARIS"}, "42200633800012": {"lat": 48.85663, "lon": 2.351459, "adresse": "PL HOTEL VILLE ESP LIBERATION 75004 PARIS 04", "codePostal": "75004", "commune": "PARIS 04"}, "31293687500094": {"lat": 48.850017, "lon": 2.369748, "adresse": "7 RUE BISCORNET 75012 PARIS", "codePostal": "75012", "commune": "PARIS"}, "31935615000031": null, "40895436000041": {"lat": 48.894069, "lon": 2.35423, "adresse": "48 RUE RENE CLAIR 75018 PARIS", "codePostal": "75018", "commune": "PARIS"}, "38448701300037": {"lat": 48.851264, "lon": 2.393891, "adresse": "27 AVENUE PHILIPPE-AUGUSTE 75011 PARIS", "codePostal": "75011", "commune": "PARIS"}, "31935615000015": null, "51528464400025": {"lat": 48.871126, "lon": 2.393389, "adresse": "24 RUE DE L'EST 75020 PARIS", "codePostal": "75020", "commune": "PARIS"}, "48338140600048": {"lat": 48.885529, "lon": 2.390137, "adresse": "18 RUE GOUBET 75019 PARIS", "codePostal": "75019", "commune": "PARIS"}, "31873216100035": {"lat": 48.842892, "lon": 2.399655, "adresse": "CASP 20 RUE SANTERRE 75012 PARIS", "codePostal": "75012", "commune": "PARIS"}, "31373068100050": {"lat": 48.854893, "lon": 2.359078, "adresse": "5 RUE DE FOURCY 75004 PARIS", "codePostal": "75004", "commune": "PARIS"}, "77568497003594": {"lat": 48.84261, "lon": 2.31629, "adresse": "SIEGE 31 RUE FALGUIERE 75015 PARIS", "codePostal": "75015", "commune": "PARIS"}, "34802705300043": {"lat": 48.878386, "lon": 2.315877, "adresse": "68 BOULEVARD MALESHERBES 75008 PARIS", "codePostal": "75008", "commune": "PARIS"}, "52800732100011": {"lat": 48.833505, "lon": 2.386307, "adresse": "PAVILLON DU LAC PARC DE BERCY 3 RUE FRANCOIS TRUFFAUT 75012 PARIS", "codePostal": "75012", "commune": "PARIS"}, "78454750700433": {"lat": 48.892128, "lon": 2.362175, "adresse": "24 RUE MARC SEGUIN 75018 PARIS", "codePostal": "75018", "commune": "PARIS"}, "52225251900015": {"lat": 48.887787, "lon": 2.353435, "adresse": "19 AU 23 19 RUE LEON 75018 PARIS", "codePostal": "75018", "commune": "PARIS"}, "77568497000541": {"lat": 48.84261, "lon": 2.31629, "adresse": "SIEGE 31 RUE FALGUIERE 75015 PARIS", "codePostal": "75015", "commune": "PARIS"}, "38772311700017": {"lat": 48.830303, "lon": 2.301819, "adresse": "106 RUE BRANCION 75015 PARIS", "codePostal": "75015", "commune": "PARIS"}, "43444766000185": {"lat": 48.910016, "lon": 2.379862, "adresse": "59 RUE DE LA COMMUNE DE PARIS 93300 AUBERVILLIERS", "codePostal": "93300", "commune": "AUBERVILLIERS"}, "77569140500036": {"lat": 48.841254, "lon": 2.26108, "adresse": "22 B RUE CLAUDE LORRAIN 75016 PARIS 16", "codePostal": "75016", "commune": "PARIS 16"}, "77568030900611": {"lat": 48.847248, "lon": 2.389037, "adresse": "16 AU 18 16 COUR SAINT-ELOI 75012 PARIS 12", "codePostal": "75012", "commune": "PARIS 12"}, "38897859500030": {"lat": 48.818109, "lon": 2.344456, "adresse": "17 AVENUE PIERRE DE COUBERTIN 75013 PARIS", "codePostal": "75013", "commune": "PARIS"}, "78433713100014": {"lat": 48.872786, "lon": 2.326256, "adresse": "PACTE DE PARIS 29 RUE TRONCHET 75008 PARIS", "codePostal": "75008", "commune": "PARIS"}, "32590961200047": {"lat": 48.86218, "lon": 2.351844, "adresse": "157 RUE SAINT-MARTIN 75003 PARIS", "codePostal": "75003", "commune": "PARIS"}, "78480968300484": {"lat": 48.878208, "lon": 2.382497, "adresse": "35 RUE DU PLATEAU 75019 PARIS", "codePostal": "75019", "commune": "PARIS"}, "48338140600055": {"lat": 48.885529, "lon": 2.390137, "adresse": "18 RUE GOUBET 75019 PARIS", "codePostal": "75019", "commune": "PARIS"}, "34414895200254": {"lat": 43.491435, "lon": 5.371294, "adresse": "TERTIA II POLE ACT MILLES RUE CHARLES DUCHESNE 13080 AIX-EN-PROVENCE", "codePostal": "13080", "commune": "AIX-EN-PROVENCE"}, "53005653000039": {"lat": 48.851698, "lon": 2.359062, "adresse": "HOTEL DE LAUZUN 17 QUAI D'ANJOU 75004 PARIS", "codePostal": "75004", "commune": "PARIS"}, "77568300600016": {"lat": 48.822074, "lon": 2.33468, "adresse": "8 RUE EMILE DEUTSCH DE LA MEURTHE 75014 PARIS", "codePostal": "75014", "commune": "PARIS"}, "82346083700011": {"lat": 48.84998, "lon": 2.295732, "adresse": "87 BD DE GRENELLE 75015 PARIS 15", "codePostal": "75015", "commune": "PARIS 15"}, "78424378400013": {"lat": 48.854851, "lon": 2.356314, "adresse": "17 RUE GEOFFROY L'ASNIER 75004 PARIS", "codePostal": "75004", "commune": "PARIS"}, "34830108600024": {"lat": 48.894543, "lon": 2.365982, "adresse": "2 RUE TRISTAN TZARA 75018 PARIS", "codePostal": "75018", "commune": "PARIS"}, "77569575200011": {"lat": 48.875394, "lon": 2.391695, "adresse": "162 RUE DE BELLEVILLE 75020 PARIS", "codePostal": "75020", "commune": "PARIS"}, "78481011100350": {"lat": 48.862478, "lon": 2.367835, "adresse": "102 C RUE AMELOT 75011 PARIS", "codePostal": "75011", "commune": "PARIS"}, "80289090500010": {"lat": 48.861819, "lon": 2.347644, "adresse": "10 PASSAGE DE LA CANOPEE 75001 PARIS", "codePostal": "75001", "commune": "PARIS"}, "77573009600127": {"lat": 48.849463, "lon": 2.322802, "adresse": "83 RUE DE SEVRES 75006 PARIS", "codePostal": "75006", "commune": "PARIS"}, "35221687302852": {"lat": 48.888644, "lon": 2.385915, "adresse": "23 RUE DES ARDENNES 75019 PARIS", "codePostal": "75019", "commune": "PARIS"}, "31120958900127": {"lat": 48.8515, "lon": 2.269502, "adresse": "20 RUE RIBERA 75016 PARIS", "codePostal": "75016", "commune": "PARIS"}, "77566393300536": {"lat": 48.869753, "lon": 2.361657, "adresse": "7 BOULEVARD DE MAGENTA 75010 PARIS", "codePostal": "75010", "commune": "PARIS"}, "77566475800049": {"lat": 48.840527, "lon": 2.302446, "adresse": "25 A 29 25 RUE DU GENERAL BEURET 75015 PARIS", "codePostal": "75015", "commune": "PARIS"}, "44456153400025": {"lat": 48.864388, "lon": 2.355357, "adresse": "82 RUE BEAUBOURG 75003 PARIS", "codePostal": "75003", "commune": "PARIS"}, "78454742400043": {"lat": 48.827622, "lon": 2.377256, "adresse": "30 RUE DU CHEVALERET 75013 PARIS", "codePostal": "75013", "commune": "PARIS"}, "49369278400025": {"lat": 48.86755, "lon": 2.370452, "adresse": "12 RUE DE LA PIERRE LEVEE 75011 PARIS", "codePostal": "75011", "commune": "PARIS"}, "31661982400758": {"lat": 49.892262, "lon": 2.303174, "adresse": "27 RUE DE L'AMIRAL COURBET 80000 AMIENS", "codePostal": "80000", "commune": "AMIENS"}, "32867933700035": {"lat": 48.860539, "lon": 2.348593, "adresse": "42 RUE SAINT-DENIS 75001 PARIS", "codePostal": "75001", "commune": "PARIS"}, "37978422600043": {"lat": 48.830303, "lon": 2.301819, "adresse": "106 RUE BRANCION 75015 PARIS", "codePostal": "75015", "commune": "PARIS"}, "35306733300057": {"lat": 48.869126, "lon": 2.385876, "adresse": "10 RUE JULIEN LACROIX 75020 PARIS", "codePostal": "75020", "commune": "PARIS"}, "44532684600034": {"lat": 48.855038, "lon": 2.40132, "adresse": "60 RUE DES VIGNOLES 75020 PARIS", "codePostal": "75020", "commune": "PARIS"}, "78439645900041": {"lat": 48.861188, "lon": 2.340468, "adresse": "156 RUE DE RIVOLI 75001 PARIS", "codePostal": "75001", "commune": "PARIS"}, "77573329800183": {"lat": 48.854579, "lon": 2.417068, "adresse": "261 RUE DE PARIS 93100 MONTREUIL", "codePostal": "93100", "commune": "MONTREUIL"}, "31548372700048": {"lat": 48.84092, "lon": 2.326148, "adresse": "46 B BOULEVARD EDGAR QUINET 75014 PARIS", "codePostal": "75014", "commune": "PARIS"}, "84415499700101": {"lat": 48.85276, "lon": 2.292768, "adresse": "28 RUE DESAIX 75015 PARIS", "codePostal": "75015", "commune": "PARIS"}, "30299790300026": {"lat": 48.838918, "lon": 2.251869, "adresse": "2 RUE DU CDT GUILBAUD 75016 PARIS 16", "codePostal": "75016", "commune": "PARIS 16"}, "84415499700127": {"lat": 48.85276, "lon": 2.292768, "adresse": "28 RUE DESAIX 75015 PARIS", "codePostal": "75015", "commune": "PARIS"}, "78424396600016": {"lat": 48.853913, "lon": 2.357203, "adresse": "18 RUE DE L'HOTEL DE VILLE 75004 PARIS", "codePostal": "75004", "commune": "PARIS"}, "44826046300014": {"lat": 48.855514, "lon": 2.389101, "adresse": "AUDE HESBERT 155 RUE DE CHARONNE 75011 PARIS", "codePostal": "75011", "commune": "PARIS"}, "41228534800048": {"lat": 48.849385, "lon": 2.392892, "adresse": "8 RUE DES IMMEUBLES INDUSTRIELS 75011 PARIS", "codePostal": "75011", "commune": "PARIS"}, "82349520500010": {"lat": 48.867853, "lon": 2.389335, "adresse": "5 RUE DES PLATRIERES 75020 PARIS", "codePostal": "75020", "commune": "PARIS"}, "77568275000051": {"lat": 48.848544, "lon": 2.340688, "adresse": "63 RUE MONSIEUR LE PRINCE 75006 PARIS", "codePostal": "75006", "commune": "PARIS"}, "43353723000040": {"lat": 48.888952, "lon": 2.392454, "adresse": "211 AVENUE JEAN JAURES 75019 PARIS", "codePostal": "75019", "commune": "PARIS"}, "35330523800175": {"lat": 48.867088, "lon": 2.398162, "adresse": "72 RUE ORFILA 75020 PARIS", "codePostal": "75020", "commune": "PARIS"}, "82822702500024": {"lat": 48.874192, "lon": 2.352997, "adresse": "CHEZ AGAPI 15 RUE MARTEL 75010 PARIS", "codePostal": "75010", "commune": "PARIS"}, "31982198900013": {"lat": 48.890379, "lon": 2.385889, "adresse": "CRECHE COLLECTIVE 29 RUE DE THIONVILLE 75019 PARIS", "codePostal": "75019", "commune": "PARIS"}, "31646523600032": {"lat": 48.848962, "lon": 2.36528, "adresse": "7 RUE CRILLON 75004 PARIS", "codePostal": "75004", "commune": "PARIS"}, "43382029700011": {"lat": 48.878881, "lon": 2.375592, "adresse": "4 A 8 4 RUE HENRI MURGER 75019 PARIS", "codePostal": "75019", "commune": "PARIS"}, "44361590100016": {"lat": 48.822633, "lon": 2.361318, "adresse": "MAISON DE LA VIE ASSOCIATIVE ET CITOYENNE 11 RUE CAILLAUX 75013 PARIS", "codePostal": "75013", "commune": "PARIS"}, "80289090500028": {"lat": 48.861819, "lon": 2.347644, "adresse": "10 PASSAGE DE LA CANOPEE 75001 PARIS", "codePostal": "75001", "commune": "PARIS"}, "42984735300019": {"lat": 48.835643, "lon": 2.396653, "adresse": "48 RUE DE WATTIGNIES 75012 PARIS 12", "codePostal": "75012", "commune": "PARIS 12"}, "49486785600069": {"lat": 48.889535, "lon": 2.37191, "adresse": "6 RUE ARCHEREAU 75019 PARIS", "codePostal": "75019", "commune": "PARIS"}, "30098452300013": {"lat": 48.874626, "lon": 2.359019, "adresse": "134 RUE DU FAUBOURG SAINT-MARTIN 75010 PARIS", "codePostal": "75010", "commune": "PARIS"}, "48442110200027": {"lat": 48.830559, "lon": 2.324413, "adresse": "6 VILLA MODERNE 75014 PARIS", "codePostal": "75014", "commune": "PARIS"}, "32228389600056": {"lat": 48.895716, "lon": 2.374611, "adresse": "6 RUE HENRI VERNEUIL 75019 PARIS", "codePostal": "75019", "commune": "PARIS"}, "32768644000014": {"lat": 48.845738, "lon": 2.28208, "adresse": "41 RUE DE JAVEL 75015 PARIS", "codePostal": "75015", "commune": "PARIS"}, "35377356700014": {"lat": 48.825896, "lon": 2.306846, "adresse": "20 AVENUE MARC SANGNIER 75014 PARIS", "codePostal": "75014", "commune": "PARIS"}, "31661982400931": {"lat": 49.892262, "lon": 2.303174, "adresse": "27 RUE DE L'AMIRAL COURBET 80000 AMIENS", "codePostal": "80000", "commune": "AMIENS"}, "32590961200054": {"lat": 48.86218, "lon": 2.351844, "adresse": "157 RUE SAINT-MARTIN 75003 PARIS", "codePostal": "75003", "commune": "PARIS"}, "78475659500012": {"lat": 48.887385, "lon": 2.344638, "adresse": "16 RUE LAMARCK 75018 PARIS", "codePostal": "75018", "commune": "PARIS"}, "78454742400092": {"lat": 48.827622, "lon": 2.377256, "adresse": "30 RUE DU CHEVALERET 75013 PARIS", "codePostal": "75013", "commune": "PARIS"}, "32228389600049": {"lat": 48.895716, "lon": 2.374611, "adresse": "6 RUE HENRI VERNEUIL 75019 PARIS", "codePostal": "75019", "commune": "PARIS"}, "37978422600050": {"lat": 48.830303, "lon": 2.301819, "adresse": "106 RUE BRANCION 75015 PARIS", "codePostal": "75015", "commune": "PARIS"}, "78465547400012": {"lat": 48.840586, "lon": 2.257814, "adresse": "5 RUE DE VARIZE 75016 PARIS", "codePostal": "75016", "commune": "PARIS"}, "47978923200010": {"lat": 48.88631, "lon": 2.354584, "adresse": "12 RUE SAINT-MATHIEU 75018 PARIS", "codePostal": "75018", "commune": "PARIS"}, "53466446100025": {"lat": 48.82958, "lon": 2.371744, "adresse": "RUE DE DOMREMY 75013 PARIS", "codePostal": "75013", "commune": "PARIS"}, "45057704400024": {"lat": 48.866402, "lon": 2.363412, "adresse": "19 RUE BERANGER 75003 PARIS", "codePostal": "75003", "commune": "PARIS"}, "77568298200019": {"lat": 48.826379, "lon": 2.319657, "adresse": "68 RUE DES PLANTES 75014 PARIS", "codePostal": "75014", "commune": "PARIS"}, "88204367200014": {"lat": 48.928265, "lon": 2.883235, "adresse": "400 CHEMIN DE CRECY 77100 MAREUIL-LES-MEAUX", "codePostal": "77100", "commune": "MAREUIL-LES-MEAUX"}, "77568891400016": {"lat": 48.848447, "lon": 2.274505, "adresse": "52 AV DE VERSAILLES 75016 PARIS 16", "codePostal": "75016", "commune": "PARIS 16"}, "33397643900047": {"lat": 48.876093, "lon": 2.397831, "adresse": "9 RUE DU DOCTEUR POTAIN 75019 PARIS", "codePostal": "75019", "commune": "PARIS"}, "32733670700036": {"lat": 48.895895, "lon": 2.345296, "adresse": "70 B RUE CHAMPIONNET 75018 PARIS", "codePostal": "75018", "commune": "PARIS"}, "38324753300000": null, "35221687301565": {"lat": 48.888644, "lon": 2.385915, "adresse": "23 RUE DES ARDENNES 75019 PARIS", "codePostal": "75019", "commune": "PARIS"}, "30048530700015": {"lat": 48.856003, "lon": 2.392208, "adresse": "177 RUE DE CHARONNE 75011 PARIS", "codePostal": "75011", "commune": "PARIS"}, "92392391600012": null, "77566961700018": {"lat": 48.879639, "lon": 2.318635, "adresse": "22 RUE DE NAPLES 75008 PARIS", "codePostal": "75008", "commune": "PARIS"}, "93495836400010": {"lat": 48.871782, "lon": 2.365697, "adresse": "4 AVENUE RICHERAND 75010 PARIS", "codePostal": "75010", "commune": "PARIS"}, "85357359000017": {"lat": 48.835592, "lon": 2.325821, "adresse": "22 RUE DEPARCIEUX 75014 PARIS", "codePostal": "75014", "commune": "PARIS"}, "77567216500013": {"lat": 48.878811, "lon": 2.31922, "adresse": "CENTRE DE FRATERNITE SOCIA 64 RUE DU ROCHER 75008 PARIS", "codePostal": "75008", "commune": "PARIS"}, "77569476300050": {"lat": 48.87327, "lon": 2.381529, "adresse": "55 RUE DE BELLEVILLE 75019 PARIS", "codePostal": "75019", "commune": "PARIS"}, "78480818000011": {"lat": 48.873717, "lon": 2.399092, "adresse": "33 RUE DU TELEGRAPHE 75020 PARIS", "codePostal": "75020", "commune": "PARIS"}, "42334329200011": {"lat": 48.83078, "lon": 2.365569, "adresse": "6 RUE JEAN SEBASTIEN BACH 75013 PARIS", "codePostal": "75013", "commune": "PARIS"}, "79960685000011": {"lat": 48.85074, "lon": 2.273932, "adresse": "14 AVENUE THEOPHILE GAUTIER 75016 PARIS", "codePostal": "75016", "commune": "PARIS"}, "78425962400020": {"lat": 48.818109, "lon": 2.344456, "adresse": "STADE CHARLETY 17 AVENUE PIERRE DE COUBERTIN 75013 PARIS", "codePostal": "75013", "commune": "PARIS"}, "33411238000038": {"lat": 48.82763, "lon": 2.371929, "adresse": "66 RUE CANTAGREL 75013 PARIS", "codePostal": "75013", "commune": "PARIS"}, "33457081900014": {"lat": 48.885014, "lon": 2.344306, "adresse": "2 RUE RONSARD 75018 PARIS", "codePostal": "75018", "commune": "PARIS"}, "43294548300035": {"lat": 48.853989, "lon": 2.305537, "adresse": "ECOLE MILITAIRE 1 PLACE JOFFRE 75007 PARIS", "codePostal": "75007", "commune": "PARIS"}, "33973557300026": {"lat": 48.869928, "lon": 2.388881, "adresse": "15-17 15 RUE DE LA MARE 75020 PARIS", "codePostal": "75020", "commune": "PARIS"}, "82868623800019": {"lat": 48.884656, "lon": 2.370645, "adresse": "6 QUAI DE LA SEINE 75019 PARIS", "codePostal": "75019", "commune": "PARIS"}, "77569476300068": {"lat": 48.87327, "lon": 2.381529, "adresse": "55 RUE DE BELLEVILLE 75019 PARIS", "codePostal": "75019", "commune": "PARIS"}, "34112346100046": {"lat": 48.842211, "lon": 2.349834, "adresse": "73 RUE MOUFFETARD 75005 PARIS", "codePostal": "75005", "commune": "PARIS"}, "42466196500022": {"lat": 48.825497, "lon": 2.264795, "adresse": "5 AVENUE JEAN BOUIN 92130 ISSY-LES-MOULINEAUX", "codePostal": "92130", "commune": "ISSY-LES-MOULINEAUX"}, "78461543700018": {"lat": 48.835261, "lon": 2.296517, "adresse": "33 RUE OLIVIER DE SERRES 75015 PARIS", "codePostal": "75015", "commune": "PARIS"}, "77566670400629": {"lat": 48.877719, "lon": 2.36971, "adresse": "5 PLACE DU COLONEL FABIEN 75010 PARIS", "codePostal": "75010", "commune": "PARIS"}, "82262630500046": {"lat": 47.19582, "lon": -1.569685, "adresse": "7 RUE LESCHAUD 44400 REZE", "codePostal": "44400", "commune": "REZE"}, "77558122600724": {"lat": 43.551911, "lon": 1.487085, "adresse": "PARC TECHNO DU CANAL 4 AVENUE DE L\u2019EUROPE 31520 RAMONVILLE-SAINT-AGNE", "codePostal": "31520", "commune": "RAMONVILLE-SAINT-AGNE"}, "39819156900000": null, "32250551200044": {"lat": 48.841839, "lon": 2.390309, "adresse": "36 ALLEE VIVALDI 75012 PARIS", "codePostal": "75012", "commune": "PARIS"}, "31827651600024": {"lat": 48.839223, "lon": 2.37777, "adresse": "POPB 8 BOULEVARD DE BERCY 75012 PARIS", "codePostal": "75012", "commune": "PARIS"}, "48912847800058": null, "34002532900012": {"lat": 48.86485, "lon": 2.371232, "adresse": "RUE DE LA FOLIE-MERICOURT 75011 PARIS", "codePostal": "75011", "commune": "PARIS"}, "53845538700026": {"lat": 48.779888, "lon": 2.316407, "adresse": "5 RUE RAVON 92340 BOURG-LA-REINE", "codePostal": "92340", "commune": "BOURG-LA-REINE"}, "80962143600025": {"lat": 48.834378, "lon": 2.388601, "adresse": "39 RUE BARON LE ROY 75012 PARIS", "codePostal": "75012", "commune": "PARIS"}, "92027539300014": {"lat": 48.876655, "lon": 2.41195, "adresse": "60 RUE DES FRERES FLAVIEN 75020 PARIS", "codePostal": "75020", "commune": "PARIS"}, "32731146000049": {"lat": 48.884125, "lon": 2.365344, "adresse": "167 BOULEVARD DE LA VILLETTE 75010 PARIS", "codePostal": "75010", "commune": "PARIS"}, "49300518500050": {"lat": 48.887541, "lon": 2.366997, "adresse": "47 RUE D'AUBERVILLIERS 75018 PARIS", "codePostal": "75018", "commune": "PARIS"}, "43365882000025": {"lat": 48.852796, "lon": 2.371339, "adresse": "21 RUE DU FBG ST ANTOINE 75011 PARIS 11", "codePostal": "75011", "commune": "PARIS 11"}, "92379834200013": {"lat": 48.887409, "lon": 2.379229, "adresse": "CO CAFEZOIDE 92 QUAI DE LA LOIRE 75019 PARIS", "codePostal": "75019", "commune": "PARIS"}, "77565757000377": {"lat": 48.865885, "lon": 2.352569, "adresse": "88-90 88 BOULEVARD DE SEBASTOPOL 75003 PARIS", "codePostal": "75003", "commune": "PARIS"}, "43296395700035": {"lat": 48.86775, "lon": 2.349646, "adresse": "39 RUE DU CAIRE 75002 PARIS", "codePostal": "75002", "commune": "PARIS"}, "83509448300012": {"lat": 48.820839, "lon": 2.368248, "adresse": "HALLE CARPENTIER 81 BOULEVARD MASSENA 75013 PARIS", "codePostal": "75013", "commune": "PARIS"}, "42060014000032": {"lat": 48.894473, "lon": 2.373813, "adresse": "APPT N\u00b03050 69 RUE CURIAL 75019 PARIS", "codePostal": "75019", "commune": "PARIS"}, "77565772900437": {"lat": 48.872724, "lon": 2.352179, "adresse": "9 COUR DES PETITES ECURIES 75010 PARIS", "codePostal": "75010", "commune": "PARIS"}, "34878236800032": {"lat": 48.883257, "lon": 2.36004, "adresse": "10 RUE PERDONNET 75010 PARIS", "codePostal": "75010", "commune": "PARIS"}, "77568219800053": {"lat": 48.825047, "lon": 2.351624, "adresse": "18 RUE CHARLES FOURIER 75013 PARIS", "codePostal": "75013", "commune": "PARIS"}, "43041135500026": {"lat": 48.834044, "lon": 2.403323, "adresse": "87 BOULEVARD PONIATOWSKI 75012 PARIS", "codePostal": "75012", "commune": "PARIS"}, "32618492600011": {"lat": 48.895559, "lon": 2.332942, "adresse": "16 RUE GEORGETTE AGUTTE 75018 PARIS", "codePostal": "75018", "commune": "PARIS"}, "77568497000384": {"lat": 48.84261, "lon": 2.31629, "adresse": "SIEGE 31 RUE FALGUIERE 75015 PARIS", "codePostal": "75015", "commune": "PARIS"}, "77567634900019": {"lat": 48.878676, "lon": 2.334454, "adresse": "23 RUE CATHERINE DE LA ROCHEFOUCAULD 75009 PARIS", "codePostal": "75009", "commune": "PARIS"}, "53849128300015": {"lat": 48.88788302886248, "lon": 2.294767943573444, "adresse": "10 PLACE DE JERUSALEM 75017 PARIS", "codePostal": "75017", "commune": "PARIS"}, "79423083900019": {"lat": 48.885789, "lon": 2.355302, "adresse": "SALLE SAINT BRUNO 9 RUE SAINT-BRUNO 75018 PARIS", "codePostal": "75018", "commune": "PARIS"}, "88893138300010": {"lat": 48.838081, "lon": 2.552646, "adresse": "12 PLACE GEORGES POMPIDOU 93160 NOISY-LE-GRAND", "codePostal": "93160", "commune": "NOISY-LE-GRAND"}, "49948317000035": {"lat": 48.843855, "lon": 2.405359, "adresse": "47-49 47 AVENUE DU DOCTEUR ARNOLD NETTER 75012 PARIS", "codePostal": "75012", "commune": "PARIS"}, "78418016800030": {"lat": 48.846327, "lon": 2.272874, "adresse": "77 AVENUE DE VERSAILLES 75016 PARIS", "codePostal": "75016", "commune": "PARIS"}, "50790493600030": {"lat": 48.899086, "lon": 2.340268, "adresse": "20 RUE CAMILLE FLAMMARION 75018 PARIS", "codePostal": "75018", "commune": "PARIS"}, "89203455400014": {"lat": 48.900194, "lon": 2.337178, "adresse": "10 RUE MAURICE GRIMAUD 75018 PARIS", "codePostal": "75018", "commune": "PARIS"}, "34106240400478": {"lat": 48.862478, "lon": 2.367835, "adresse": "102 C RUE AMELOT 75011 PARIS", "codePostal": "75011", "commune": "PARIS"}, "92317700000018": {"lat": 48.897556, "lon": 2.341839, "adresse": "7 VILLA DES TULIPES 75018 PARIS", "codePostal": "75018", "commune": "PARIS"}, "91378888100013": {"lat": 48.871758, "lon": 2.372477, "adresse": "AIRES 10 2 RUE DU BUISSON SAINT-LOUIS 75010 PARIS", "codePostal": "75010", "commune": "PARIS"}, "85218331800017": {"lat": 48.869041, "lon": 2.362096, "adresse": "3 RUE DU CHATEAU D'EAU 75010 PARIS", "codePostal": "75010", "commune": "PARIS"}, "49834089200013": {"lat": 48.850171, "lon": 2.372782, "adresse": "INSTITUT DE LA VISION 17 RUE MOREAU 75012 PARIS", "codePostal": "75012", "commune": "PARIS"}, "49186042500017": {"lat": 46.395161, "lon": 6.591654, "adresse": "9 AVENUE DES MELEZES 74500 EVIAN-LES-BAINS", "codePostal": "74500", "commune": "EVIAN-LES-BAINS"}, "77566643100322": {"lat": 48.888467, "lon": 2.38603, "adresse": "ALJT SIEGE 21 RUE DES ARDENNES 75019 PARIS", "codePostal": "75019", "commune": "PARIS"}, "35029993900024": {"lat": 48.897216, "lon": 2.329553, "adresse": "81-83 81 RUE VAUVENARGUES 75018 PARIS", "codePostal": "75018", "commune": "PARIS"}, "50882247500028": {"lat": 48.862045, "lon": 2.38375, "adresse": "125 RUE DU CHEMIN VERT 75011 PARIS", "codePostal": "75011", "commune": "PARIS"}, "30912305700056": {"lat": 48.833154, "lon": 2.467346, "adresse": "CAMPUS DU JARDIN TROPICAL 45 B AVENUE DE LA BELLE GABRIELLE 75012 PARIS", "codePostal": "75012", "commune": "PARIS"}, "32079817600022": {"lat": 48.845507, "lon": 2.375146, "adresse": "1 RUE HECTOR MALOT 75012 PARIS", "codePostal": "75012", "commune": "PARIS"}, "40878410600069": {"lat": 48.83498, "lon": 2.302307, "adresse": "6-8 6 RUE DE CRONSTADT 75015 PARIS", "codePostal": "75015", "commune": "PARIS"}, "48262306300013": {"lat": 48.872162, "lon": 2.373266, "adresse": "10 RUE DU BUISSON SAINT-LOUIS 75010 PARIS", "codePostal": "75010", "commune": "PARIS"}, "81050518000010": {"lat": 48.833154, "lon": 2.467346, "adresse": "45 B AVENUE DE LA BELLE GABRIELLE 75012 PARIS", "codePostal": "75012", "commune": "PARIS"}, "45100338800035": {"lat": 48.874865, "lon": 2.325607, "adresse": "1ER ETAGE 8 RUE DE L'ISLY 75008 PARIS", "codePostal": "75008", "commune": "PARIS"}, "32582665900022": {"lat": 48.868351, "lon": 2.374245, "adresse": "59 RUE DE LA FONTAINE AU ROI 75011 PARIS", "codePostal": "75011", "commune": "PARIS"}, "50996337700130": {"lat": 48.892078, "lon": 2.375363, "adresse": "204 RUE DE CRIMEE 75019 PARIS", "codePostal": "75019", "commune": "PARIS"}, "34025508200034": {"lat": 48.872523, "lon": 2.392316, "adresse": "41-43 41 RUE DES RIGOLES 75020 PARIS", "codePostal": "75020", "commune": "PARIS"}, "77568111700112": {"lat": 48.823802, "lon": 2.410255, "adresse": "94 RUE DE PARIS 94220 CHARENTON-LE-PONT", "codePostal": "94220", "commune": "CHARENTON-LE-PONT"}, "77566643101007": {"lat": 48.888467, "lon": 2.38603, "adresse": "ALJT SIEGE 21 RUE DES ARDENNES 75019 PARIS", "codePostal": "75019", "commune": "PARIS"}, "78435427600023": {"lat": 48.818855, "lon": 2.344666, "adresse": "1 AVENUE PIERRE DE COUBERTIN 75013 PARIS", "codePostal": "75013", "commune": "PARIS"}, "53814297700023": {"lat": 48.879456, "lon": 2.401817, "adresse": "8 AV PORTE PRE ST GERVAIS 75019 PARIS 19", "codePostal": "75019", "commune": "PARIS 19"}, "52850503500022": {"lat": 48.86571, "lon": 2.428714, "adresse": "3 SQUARE JEAN PIERRE TIMBAUD 93100 MONTREUIL", "codePostal": "93100", "commune": "MONTREUIL"}, "49421655900034": {"lat": 48.893522, "lon": 2.315358, "adresse": "190 AVENUE DE CLICHY 75017 PARIS", "codePostal": "75017", "commune": "PARIS"}, "81825348600026": {"lat": 48.890069, "lon": 2.347335, "adresse": "15 PASSAGE RAMEY 75018 PARIS", "codePostal": "75018", "commune": "PARIS"}, "82377240500044": {"lat": 48.869514, "lon": 2.354599, "adresse": "2 BOULEVARD DE STRASBOURG 75010 PARIS", "codePostal": "75010", "commune": "PARIS"}, "78418121600051": {"lat": 48.894749, "lon": 2.311146, "adresse": "MAISON DES AVOCATS COURS DES AVOCATS 75017 PARIS", "codePostal": "75017", "commune": "PARIS"}, "77561892900308": {"lat": 49.10486, "lon": 6.169826, "adresse": "13 RUE CLOTILDE AUBERTIN 57000 METZ", "codePostal": "57000", "commune": "METZ"}, "33480580100043": {"lat": 48.896651, "lon": 2.402616, "adresse": "90 AVENUE DU GENERAL LECLERC 93500 PANTIN", "codePostal": "93500", "commune": "PANTIN"}, "39894554300021": {"lat": 48.880712, "lon": 2.364863, "adresse": "6EME ETAGE 228 RUE DU FAUBOURG SAINT-MARTIN 75010 PARIS", "codePostal": "75010", "commune": "PARIS"}, "30900121200039": {"lat": 48.873289, "lon": 2.391256, "adresse": "70 RUE DES RIGOLES 75020 PARIS", "codePostal": "75020", "commune": "PARIS"}, "52045980100020": {"lat": 48.874387, "lon": 2.341736, "adresse": "41 RUE DU FAUBOURG MONTMARTRE 75009 PARIS", "codePostal": "75009", "commune": "PARIS"}, "42921211100018": {"lat": 48.869789, "lon": 2.3807, "adresse": "8 RUE DE PALI-KAO 75020 PARIS", "codePostal": "75020", "commune": "PARIS"}, "48392121900059": {"lat": 48.91621, "lon": 2.344189, "adresse": "32 BOULEVARD ORNANO 93200 SAINT-DENIS", "codePostal": "93200", "commune": "SAINT-DENIS"}, "33246803200070": {"lat": 48.774994, "lon": 2.161443, "adresse": "10 CHEMIN DE LA BUTTE AU BEURRE 78350 JOUY-EN-JOSAS", "codePostal": "78350", "commune": "JOUY-EN-JOSAS"}, "78461542900049": {"lat": 48.850778, "lon": 2.295884, "adresse": "37 RUE DUPLEIX 75015 PARIS", "codePostal": "75015", "commune": "PARIS"}, "77566653000016": {"lat": 48.858829, "lon": 2.323517, "adresse": "15 RUE DE BELLECHASSE 75007 PARIS", "codePostal": "75007", "commune": "PARIS"}, "90092908400011": null, "79394484400026": {"lat": 48.89989, "lon": 2.336155, "adresse": "24 AVENUE DE LA PORTE DE MONTMARTRE 75018 PARIS", "codePostal": "75018", "commune": "PARIS"}, "37902082900022": {"lat": 48.867888, "lon": 2.38947, "adresse": "7 RUE DES PLATRIERES 75020 PARIS", "codePostal": "75020", "commune": "PARIS"}, "53846580800144": {"lat": 48.833051, "lon": 2.301144, "adresse": "43 B RUE DE CRONSTADT 75015 PARIS", "codePostal": "75015", "commune": "PARIS"}, "77565772900676": {"lat": 48.872724, "lon": 2.352179, "adresse": "9 COUR DES PETITES ECURIES 75010 PARIS", "codePostal": "75010", "commune": "PARIS"}, "43118916600017": {"lat": 48.868871, "lon": 2.309406, "adresse": "18 ROND-POINT DES CHAMPS ELYSEES-MARCEL DASSAULT 75008 PARIS", "codePostal": "75008", "commune": "PARIS"}, "32886211500024": {"lat": 48.832853, "lon": 2.359231, "adresse": "21 AVENUE STEPHEN PICHON 75013 PARIS", "codePostal": "75013", "commune": "PARIS"}, "43533315800028": {"lat": 48.889233, "lon": 2.345373, "adresse": "46 RUE CUSTINE 75018 PARIS", "codePostal": "75018", "commune": "PARIS"}, "44180735100016": {"lat": 48.828801, "lon": 2.372744, "adresse": "78 RUE DU DESSOUS DES BERGES 75013 PARIS", "codePostal": "75013", "commune": "PARIS"}, "48390292000311": {"lat": 48.823261, "lon": 2.360174, "adresse": "RUE DE LA VISTULE 75013 PARIS", "codePostal": "75013", "commune": "PARIS"}, "41190781900022": {"lat": 48.89928, "lon": 2.396625, "adresse": "31 AVENUE EDOUARD VAILLANT 93500 PANTIN", "codePostal": "93500", "commune": "PANTIN"}, "39999069600037": {"lat": 48.895056, "lon": 2.317715, "adresse": "102 RUE DE LA JONQUIERE 75017 PARIS", "codePostal": "75017", "commune": "PARIS"}, "78471031100027": {"lat": 48.884393, "lon": 2.3145, "adresse": "27 RUE LEGENDRE 75017 PARIS", "codePostal": "75017", "commune": "PARIS"}, "33175763300424": {"lat": 48.862478, "lon": 2.367835, "adresse": "SOS DI AVAPT 102 C RUE AMELOT 75011 PARIS 11", "codePostal": "75011", "commune": "PARIS 11"}, "30980220500505": {"lat": 48.84028, "lon": 2.308698, "adresse": "42 RUE DES VOLONTAIRES 75015 PARIS", "codePostal": "75015", "commune": "PARIS"}, "43929038800032": {"lat": 48.85473, "lon": 2.356399, "adresse": "ADDDP MICADANSES 20 RUE GEOFFROY L'ASNIER 75004 PARIS", "codePostal": "75004", "commune": "PARIS"}, "77566206700088": {"lat": 48.85171, "lon": 2.355609, "adresse": "8 RUE BUDE 75004 PARIS", "codePostal": "75004", "commune": "PARIS"}, "31906037200038": {"lat": 48.8073, "lon": 2.129102, "adresse": "44 RUE DE LA PAROISSE 78000 VERSAILLES", "codePostal": "78000", "commune": "VERSAILLES"}, "78457961700035": {"lat": 48.845491, "lon": 2.294457, "adresse": "70 B RUE DU COMMERCE 75015 PARIS", "codePostal": "75015", "commune": "PARIS"}, "32591060200011": {"lat": 48.894523, "lon": 2.329919, "adresse": "1 RUE FIRMIN GEMIER 75018 PARIS", "codePostal": "75018", "commune": "PARIS"}, "31799229500012": {"lat": 48.852295, "lon": 2.355124, "adresse": "57 RUE SAINT LOUIS EN L'ILE 75004 PARIS 4", "codePostal": "75004", "commune": "PARIS 4"}, "82377240500036": {"lat": 48.869514, "lon": 2.354599, "adresse": "2 BOULEVARD DE STRASBOURG 75010 PARIS", "codePostal": "75010", "commune": "PARIS"}, "39848487300011": {"lat": 48.869965, "lon": 2.308164, "adresse": "34 AVENUE DES CHAMPS ELYSEES 75008 PARIS", "codePostal": "75008", "commune": "PARIS"}, "35306733300065": {"lat": 48.869126, "lon": 2.385876, "adresse": "10 RUE JULIEN LACROIX 75020 PARIS", "codePostal": "75020", "commune": "PARIS"}, "34949617400047": {"lat": 48.892039, "lon": 2.398566, "adresse": "TOUR ESSOR 14 RUE SCANDICCI 93500 PANTIN", "codePostal": "93500", "commune": "PANTIN"}, "77572670600010": {"lat": 48.82155, "lon": 2.309202, "adresse": "51 RUE GAMBETTA 92240 MALAKOFF", "codePostal": "92240", "commune": "MALAKOFF"}, "38873953400021": {"lat": 48.885789, "lon": 2.355302, "adresse": "9 RUE SAINT-BRUNO 75018 PARIS", "codePostal": "75018", "commune": "PARIS"}, "32564612300043": {"lat": 48.847681, "lon": 2.370532, "adresse": "37 AVENUE LEDRU-ROLLIN 75012 PARIS", "codePostal": "75012", "commune": "PARIS"}, "38757508700029": {"lat": 48.826198, "lon": 2.309473, "adresse": "11 RUE MAURICE BOUCHOR 75014 PARIS", "codePostal": "75014", "commune": "PARIS"}, "32564612300027": {"lat": 48.847681, "lon": 2.370532, "adresse": "37 AVENUE LEDRU-ROLLIN 75012 PARIS", "codePostal": "75012", "commune": "PARIS"}, "90465309400014": {"lat": 48.884601, "lon": 2.363719, "adresse": "3 EME ESCALIER 7 BOITE 97 14 BOULEVARD DE LA CHAPELLE 75018 PARIS", "codePostal": "75018", "commune": "PARIS"}, "83092246400011": {"lat": 48.843344, "lon": 2.255528, "adresse": "9 RUE RAFFAELLI 75016 PARIS 16", "codePostal": "75016", "commune": "PARIS 16"}, "82377240500051": {"lat": 48.869514, "lon": 2.354599, "adresse": "2 BOULEVARD DE STRASBOURG 75010 PARIS", "codePostal": "75010", "commune": "PARIS"}, "83763453400023": {"lat": 48.874795, "lon": 2.389272, "adresse": "7 RUE DU JOURDAIN 75020 PARIS", "codePostal": "75020", "commune": "PARIS"}, "77569584400024": {"lat": 48.873475, "lon": 2.401675, "adresse": "43 RUE DU BORREGO 75020 PARIS", "codePostal": "75020", "commune": "PARIS"}, "82341994000023": {"lat": 48.893897, "lon": 2.321861, "adresse": "60 RUE DE LA JONQUIERE 75017 PARIS", "codePostal": "75017", "commune": "PARIS"}, "30900121200047": {"lat": 48.873289, "lon": 2.391256, "adresse": "70 RUE DES RIGOLES 75020 PARIS", "codePostal": "75020", "commune": "PARIS"}, "37974428700044": {"lat": 48.824339, "lon": 2.347659, "adresse": "42 RUE DE LA COLONIE 75013 PARIS", "codePostal": "75013", "commune": "PARIS"}, "41803746100047": {"lat": 48.840129, "lon": 2.302838, "adresse": "244 RUE DE VAUGIRARD 75015 PARIS", "codePostal": "75015", "commune": "PARIS"}, "38233811900011": {"lat": 48.847977, "lon": 2.297832, "adresse": "17 RUE DE L'AVRE 75015 PARIS", "codePostal": "75015", "commune": "PARIS"}, "32058523500023": {"lat": 48.837298, "lon": 2.291954, "adresse": "28 RUE SAINT-LAMBERT 75015 PARIS", "codePostal": "75015", "commune": "PARIS"}, "38901539700018": {"lat": 48.850774, "lon": 2.341185, "adresse": "015 A 021 15 RUE DE L'ECOLE DE MEDECINE 75006 PARIS", "codePostal": "75006", "commune": "PARIS"}, "83763453400015": {"lat": 48.874795, "lon": 2.389272, "adresse": "7 RUE DU JOURDAIN 75020 PARIS", "codePostal": "75020", "commune": "PARIS"}, "77567869100202": {"lat": 48.870497, "lon": 2.39401, "adresse": "282 RUE DES PYRENEES 75020 PARIS", "codePostal": "75020", "commune": "PARIS"}, "30583930000020": {"lat": 48.893069, "lon": 2.330202, "adresse": "41 RUE JOSEPH DE MAISTRE 75018 PARIS", "codePostal": "75018", "commune": "PARIS"}, "34119424900015": {"lat": 48.852796, "lon": 2.360474, "adresse": "6 RUE DE L'AVE MARIA 75004 PARIS", "codePostal": "75004", "commune": "PARIS"}, "40878410600051": {"lat": 48.83498, "lon": 2.302307, "adresse": "6-8 6 RUE DE CRONSTADT 75015 PARIS", "codePostal": "75015", "commune": "PARIS"}, "40878410600044": {"lat": 48.83498, "lon": 2.302307, "adresse": "6-8 6 RUE DE CRONSTADT 75015 PARIS", "codePostal": "75015", "commune": "PARIS"}, "39984846400018": {"lat": 48.855632, "lon": 2.374496, "adresse": "MME MICHON ANNE 47 RUE DE LA ROQUETTE 75011 PARIS", "codePostal": "75011", "commune": "PARIS"}, "32418249200037": {"lat": 48.881432, "lon": 2.333126, "adresse": "7 CITE CHAPTAL 75009 PARIS", "codePostal": "75009", "commune": "PARIS"}, "78467006900037": {"lat": 48.867718, "lon": 2.283941, "adresse": "18 RUE MESNIL 75016 PARIS", "codePostal": "75016", "commune": "PARIS"}, "77568133100176": {"lat": 48.871274, "lon": 2.374546, "adresse": "117 RUE DU FAUBOURG DU TEMPLE 75010 PARIS", "codePostal": "75010", "commune": "PARIS"}, "92451653700017": {"lat": 48.891097, "lon": 2.360091, "adresse": "14 RUE DE LA CHAPELLE 75018 PARIS", "codePostal": "75018", "commune": "PARIS"}, "92314789600016": {"lat": 48.851023, "lon": 2.309666, "adresse": "31 AVENUE DE SEGUR 75007 PARIS", "codePostal": "75007", "commune": "PARIS"}, "38183511500027": {"lat": 48.863313, "lon": 2.342214, "adresse": "42 RUE DU LOUVRE 75001 PARIS", "codePostal": "75001", "commune": "PARIS"}, "79805290800018": {"lat": 48.827715, "lon": 2.268511, "adresse": "4 BOULEVARD DES FRERES VOISIN 92130 ISSY-LES-MOULINEAUX", "codePostal": "92130", "commune": "ISSY-LES-MOULINEAUX"}, "53315366400024": {"lat": 48.869336, "lon": 2.353426, "adresse": "226 BOULEVARD SAINT-DENIS 75002 PARIS", "codePostal": "75002", "commune": "PARIS"}, "42156728000027": {"lat": 48.638587, "lon": 2.342211, "adresse": "1 RUE ANNE FRANK 91700 SAINTE-GENEVIEVE-DES-BOIS", "codePostal": "91700", "commune": "SAINTE-GENEVIEVE-DES-BOIS"}, "30903277900022": {"lat": 48.891188, "lon": 2.365203, "adresse": "2 RUE DE TORCY 75018 PARIS", "codePostal": "75018", "commune": "PARIS"}, "77566669600015": {"lat": 48.853415, "lon": 2.323682, "adresse": "106 RUE DU BAC 75007 PARIS", "codePostal": "75007", "commune": "PARIS"}, "48463084300023": {"lat": 48.854464, "lon": 2.402911, "adresse": "65 RUE DES HAIES 75020 PARIS", "codePostal": "75020", "commune": "PARIS"}, "39864093800021": {"lat": 48.835062, "lon": 2.450645, "adresse": "CARTOUCHERIE ROUTE DU CHAMP DE MANOEUVRES 75012 PARIS", "codePostal": "75012", "commune": "PARIS"}, "77569699000156": {"lat": 48.834233, "lon": 2.368105, "adresse": "140 RUE DU CHEVALERET 75013 PARIS", "codePostal": "75013", "commune": "PARIS"}, "77568550600583": {"lat": 48.862478, "lon": 2.367835, "adresse": "102 C RUE AMELOT 75011 PARIS", "codePostal": "75011", "commune": "PARIS"}, "40218568000020": {"lat": 48.889069, "lon": 2.348432, "adresse": "41 RUE LABAT 75018 PARIS", "codePostal": "75018", "commune": "PARIS"}, "42210748200016": {"lat": 48.873844, "lon": 2.377514, "adresse": "17 RUE JULES ROMAINS 75019 PARIS", "codePostal": "75019", "commune": "PARIS"}, "45231025300029": {"lat": 48.895599, "lon": 2.370466, "adresse": "CAP 18 73 RUE DE L'EVANGILE 75018 PARIS", "codePostal": "75018", "commune": "PARIS"}, "39848487300037": {"lat": 48.869965, "lon": 2.308164, "adresse": "34 AVENUE DES CHAMPS ELYSEES 75008 PARIS", "codePostal": "75008", "commune": "PARIS"}, "48905531900029": {"lat": 48.821252, "lon": 2.364572, "adresse": "4 PLACE DE VENETIE 75013 PARIS", "codePostal": "75013", "commune": "PARIS"}, "40218568000038": {"lat": 48.889069, "lon": 2.348432, "adresse": "41 RUE LABAT 75018 PARIS", "codePostal": "75018", "commune": "PARIS"}, "34502176000037": {"lat": 48.8562, "lon": 2.290234, "adresse": "91 QUAI JACQUES CHIRAC 75015 PARIS", "codePostal": "75015", "commune": "PARIS"}, "40864600800057": {"lat": 48.887907, "lon": 2.354307, "adresse": "26 RUE DE LAGHOUAT 75018 PARIS", "codePostal": "75018", "commune": "PARIS"}, "33973531800018": {"lat": 48.890379, "lon": 2.385889, "adresse": "29 RUE DE THIONVILLE 75019 PARIS", "codePostal": "75019", "commune": "PARIS"}, "49406541000040": {"lat": 48.874174, "lon": 2.335685, "adresse": "43 RUE DE PROVENCE 75009 PARIS 9", "codePostal": "75009", "commune": "PARIS 9"}, "49396355700027": {"lat": 48.885304, "lon": 2.327219, "adresse": "IMMEUBLE LE BAL 6 IMPASSE DE LA DEFENSE 75018 PARIS", "codePostal": "75018", "commune": "PARIS"}, "41225455900013": {"lat": 48.884709, "lon": 2.382228, "adresse": "CHEZ JC CASASNOVAS 32 RUE PETIT 75019 PARIS", "codePostal": "75019", "commune": "PARIS"}, "47787239400051": {"lat": 48.861169, "lon": 2.378276, "adresse": "C/O JONATHAN NLOKA 4 RUE DU GENERAL RENAULT 75011 PARIS", "codePostal": "75011", "commune": "PARIS"}, "82169115100020": {"lat": 44.846159, "lon": -0.575491, "adresse": "16 PLACE DES QUINCONCES 33000 BORDEAUX", "codePostal": "33000", "commune": "BORDEAUX"}, "39901545200010": {"lat": 48.818109, "lon": 2.344456, "adresse": "17 AVENUE PIERRE DE COUBERTIN 75013 PARIS", "codePostal": "75013", "commune": "PARIS"}, "51361102000035": {"lat": 48.858324, "lon": 2.372669, "adresse": "GREENSPACE PARIS 28 RUE DU CHEMIN VERT 75011 PARIS", "codePostal": "75011", "commune": "PARIS"}, "89919168800014": {"lat": 48.89064, "lon": 2.375617, "adresse": "C/O PROJETS-19 9 RUE MATHIS 75019 PARIS", "codePostal": "75019", "commune": "PARIS"}, "83290339700012": {"lat": 48.833541, "lon": 2.348751, "adresse": "31 RUE DES CORDELIERES 75013 PARIS", "codePostal": "75013", "commune": "PARIS"}, "33367645000021": {"lat": 48.854636, "lon": 2.411901, "adresse": "14 RUE MENDELSSOHN 75020 PARIS", "codePostal": "75020", "commune": "PARIS"}, "75232961500039": {"lat": 48.8959, "lon": 2.353156, "adresse": "132 RUE DES POISSONNIERS 75018 PARIS", "codePostal": "75018", "commune": "PARIS"}, "43300654100026": {"lat": 48.872123, "lon": 2.387022, "adresse": "17 A 23 17 RUE DES ENVIERGES 75020 PARIS", "codePostal": "75020", "commune": "PARIS"}, "32591041200080": {"lat": 48.861695, "lon": 2.377027, "adresse": "33 AVENUE PARMENTIER 75011 PARIS", "codePostal": "75011", "commune": "PARIS"}, "79120122100011": {"lat": 48.864616, "lon": 2.346831, "adresse": "46 RUE MONTORGUEIL 75002 PARIS", "codePostal": "75002", "commune": "PARIS"}, "39419135700018": {"lat": 48.855999, "lon": 2.360517, "adresse": "10 RUE PAVEE 75004 PARIS", "codePostal": "75004", "commune": "PARIS"}, "77567877400222": {"lat": 48.833541, "lon": 2.348751, "adresse": "31 RUE DES CORDELIERES 75013 PARIS", "codePostal": "75013", "commune": "PARIS"}, "32591041200072": {"lat": 48.861695, "lon": 2.377027, "adresse": "33 AVENUE PARMENTIER 75011 PARIS", "codePostal": "75011", "commune": "PARIS"}, "83151881600010": {"lat": 48.887867, "lon": 2.382731, "adresse": "15 B RUE LEON GIRAUD 75019 PARIS", "codePostal": "75019", "commune": "PARIS"}, "40288681600030": {"lat": 48.872156, "lon": 2.327289, "adresse": "33 RUE GODOT DE MAUROY 75009 PARIS", "codePostal": "75009", "commune": "PARIS"}, "38291565000016": {"lat": 48.849429, "lon": 2.350998, "adresse": "39 BOULEVARD SAINT-GERMAIN 75005 PARIS", "codePostal": "75005", "commune": "PARIS"}, "81151660800015": {"lat": 48.847925, "lon": 2.305719, "adresse": "130 AVENUE DE SUFFREN 75015 PARIS", "codePostal": "75015", "commune": "PARIS"}, "39856806300059": {"lat": 48.92433299999999, "lon": 2.3566349999999994, "adresse": "361 AVENUE DU PRESIDENT WILSON 93210 SAINT-DENIS", "codePostal": "93210", "commune": "SAINT-DENIS"}, "45274028500047": {"lat": 48.868251, "lon": 2.345608, "adresse": "6 RUE DU SENTIER 75002 PARIS", "codePostal": "75002", "commune": "PARIS"}, "53381287100028": {"lat": 48.877775, "lon": 2.408938, "adresse": "PLACE DU MAQUIS DU VERCORS 75020 PARIS", "codePostal": "75020", "commune": "PARIS"}, "89762675000029": {"lat": 43.299095, "lon": 5.371591, "adresse": "1 PLACE SADI CARNOT 13002 MARSEILLE", "codePostal": "13002", "commune": "MARSEILLE"}, "78986256200012": {"lat": 48.830736, "lon": 2.380368, "adresse": "7 B RUE RENE GOSCINNY 75013 PARIS", "codePostal": "75013", "commune": "PARIS"}, "80372060600026": {"lat": 48.815406, "lon": 2.352304, "adresse": "16 AVENUE RASPAIL 94250 GENTILLY", "codePostal": "94250", "commune": "GENTILLY"}, "89183445900010": {"lat": 48.824481, "lon": 2.34393, "adresse": "33 RUE BOUSSINGAULT 75013 PARIS", "codePostal": "75013", "commune": "PARIS"}, "90407696500014": {"lat": 48.899019, "lon": 2.377817, "adresse": "154 BOULEVARD MACDONALD 75019 PARIS", "codePostal": "75019", "commune": "PARIS"}, "43341799500035": {"lat": 48.846121, "lon": 2.328168, "adresse": "96 B BOULEVARD RASPAIL 75006 PARIS", "codePostal": "75006", "commune": "PARIS"}, "39333748000031": {"lat": 48.843914, "lon": 2.316088, "adresse": "149 RUE DE VAUGIRARD 75015 PARIS", "codePostal": "75015", "commune": "PARIS"}, "34058420000026": {"lat": 48.871758, "lon": 2.372477, "adresse": "2 RUE DU BUISSON SAINT-LOUIS 75010 PARIS", "codePostal": "75010", "commune": "PARIS"}, "44234839700047": {"lat": 48.896815, "lon": 2.372711, "adresse": "20 ALL ROSE DIENG-KUNTZ 75019 PARIS 19", "codePostal": "75019", "commune": "PARIS 19"}, "31420886900086": {"lat": 48.870079, "lon": 2.438232, "adresse": "27 RUE LEON LOISEAU 93100 MONTREUIL", "codePostal": "93100", "commune": "MONTREUIL"}, "31142870000034": {"lat": 48.860146, "lon": 2.342132, "adresse": "23 RUE DE L'ARBRE SEC 75001 PARIS", "codePostal": "75001", "commune": "PARIS"}, "43496931700016": {"lat": 48.851906, "lon": 2.340105, "adresse": "85 BOULEVARD SAINT-GERMAIN 75006 PARIS", "codePostal": "75006", "commune": "PARIS"}, "77567220700153": {"lat": 48.837954, "lon": 2.34788, "adresse": "39 RUE BROCA 75005 PARIS", "codePostal": "75005", "commune": "PARIS"}, "45009353900010": {"lat": 48.843123, "lon": 2.219527, "adresse": "8 PL DE L EGLISE 92210 SAINT-CLOUD", "codePostal": "92210", "commune": "SAINT-CLOUD"}, "80783777800016": {"lat": 48.882774, "lon": 2.322723, "adresse": "44 BOULEVARD DES BATIGNOLLES 75017 PARIS", "codePostal": "75017", "commune": "PARIS"}, "31142865000015": {"lat": 48.855362, "lon": 2.358991, "adresse": "78 RUE FRANCOIS MIRON 75004 PARIS", "codePostal": "75004", "commune": "PARIS"}, "39199503200052": {"lat": 43.361374, "lon": 5.32883, "adresse": "BAT 4 42 BOULEVARD D'ANNAM 13016 MARSEILLE", "codePostal": "13016", "commune": "MARSEILLE"}, "88191462600018": {"lat": 48.850304, "lon": 2.296966, "adresse": "3 RUE D'OUESSANT 75015 PARIS", "codePostal": "75015", "commune": "PARIS"}, "32965532800030": {"lat": 48.838719, "lon": 2.397324, "adresse": "180 AVENUE DAUMESNIL 75012 PARIS", "codePostal": "75012", "commune": "PARIS"}, "49080435800037": {"lat": 48.864891, "lon": 2.389828, "adresse": "38 RUE DES AMANDIERS 75020 PARIS", "codePostal": "75020", "commune": "PARIS"}, "78441431000010": {"lat": 48.876606, "lon": 2.343469, "adresse": "8 RUE LAMARTINE 75009 PARIS", "codePostal": "75009", "commune": "PARIS"}, "77569483900355": {"lat": 48.816979, "lon": 2.367372, "adresse": "LE PANORAMIQUE 5 AVENUE DE VERDUN 94200 IVRY-SUR-SEINE", "codePostal": "94200", "commune": "IVRY-SUR-SEINE"}, "48155472300033": {"lat": 48.859243, "lon": 2.408538, "adresse": "7 SQUARE VITRUVE 75020 PARIS", "codePostal": "75020", "commune": "PARIS"}, "83941863900010": {"lat": 48.826653, "lon": 2.333224, "adresse": "23 RUE DE L'AUDE 75014 PARIS", "codePostal": "75014", "commune": "PARIS"}, "31120958900069": {"lat": 48.8515, "lon": 2.269502, "adresse": "20 RUE RIBERA 75016 PARIS", "codePostal": "75016", "commune": "PARIS"}, "90234236900011": {"lat": 48.845559, "lon": 2.31954, "adresse": "21 BOULEVARD DU MONTPARNASSE 75006 PARIS", "codePostal": "75006", "commune": "PARIS"}, "32768644000022": {"lat": 48.845738, "lon": 2.28208, "adresse": "41 RUE DE JAVEL 75015 PARIS", "codePostal": "75015", "commune": "PARIS"}, "48905531900011": {"lat": 48.821252, "lon": 2.364572, "adresse": "4 PLACE DE VENETIE 75013 PARIS", "codePostal": "75013", "commune": "PARIS"}, "38362087900023": {"lat": 48.865281, "lon": 2.362193, "adresse": "10 RUE DUPETIT-THOUARS 75003 PARIS", "codePostal": "75003", "commune": "PARIS"}, "41228534800063": {"lat": 48.849385, "lon": 2.392892, "adresse": "8 RUE DES IMMEUBLES INDUSTRIELS 75011 PARIS", "codePostal": "75011", "commune": "PARIS"}, "42223954100036": {"lat": 48.826998, "lon": 2.351764, "adresse": "57 RUE BOBILLOT 75013 PARIS", "codePostal": "75013", "commune": "PARIS"}, "48957504300034": {"lat": 48.829462, "lon": 2.381826, "adresse": "9 ESPLANADE PIERRE VIDAL-NAQUET 75013 PARIS", "codePostal": "75013", "commune": "PARIS"}, "42334329200029": {"lat": 48.83078, "lon": 2.365569, "adresse": "6 RUE JEAN SEBASTIEN BACH 75013 PARIS", "codePostal": "75013", "commune": "PARIS"}, "44992042000022": {"lat": 48.882764, "lon": 2.393935, "adresse": "49 B RUE DU GENERAL BRUNET 75019 PARIS", "codePostal": "75019", "commune": "PARIS"}, "34153916100016": {"lat": 48.883428, "lon": 2.330737, "adresse": "18 B RUE DE BRUXELLES 75009 PARIS", "codePostal": "75009", "commune": "PARIS"}, "32826524400025": {"lat": 48.892699, "lon": 2.349632, "adresse": "7-8 7 SQUARE ORNANO 75018 PARIS", "codePostal": "75018", "commune": "PARIS"}, "43797111200044": {"lat": 48.890497, "lon": 2.346026, "adresse": "87 RUE MARCADET 75018 PARIS", "codePostal": "75018", "commune": "PARIS"}, "44301381800036": {"lat": 48.895997, "lon": 2.378457, "adresse": "108 RUE CURIAL 75019 PARIS", "codePostal": "75019", "commune": "PARIS"}, "35029993900032": {"lat": 48.897216, "lon": 2.329553, "adresse": "81-83 81 RUE VAUVENARGUES 75018 PARIS", "codePostal": "75018", "commune": "PARIS"}, "48232562800022": {"lat": 48.868453, "lon": 2.357909, "adresse": "35 BOULEVARD SAINT-MARTIN 75003 PARIS", "codePostal": "75003", "commune": "PARIS"}, "84280013800039": {"lat": 48.824096, "lon": 2.319403, "adresse": "1 RUE NICOLAS TAUNAY 75014 PARIS", "codePostal": "75014", "commune": "PARIS"}, "47997233300013": {"lat": 48.880077, "lon": 2.33727, "adresse": "17 RUE HENRY MONNIER 75009 PARIS 9", "codePostal": "75009", "commune": "PARIS 9"}, "78418016800048": {"lat": 48.846327, "lon": 2.272874, "adresse": "77 AVENUE DE VERSAILLES 75016 PARIS", "codePostal": "75016", "commune": "PARIS"}, "82262630500012": {"lat": 47.19582, "lon": -1.569685, "adresse": "7 RUE LESCHAUD 44400 REZE", "codePostal": "44400", "commune": "REZE"}, "81976325100025": {"lat": 43.701876, "lon": 3.90027, "adresse": "MAIRIE 2 AVENUE DE CASTRIES 34820 ASSAS", "codePostal": "34820", "commune": "ASSAS"}, "31541065400026": {"lat": 48.844998, "lon": 2.298546, "adresse": "13 RUE MEILHAC 75015 PARIS", "codePostal": "75015", "commune": "PARIS"}, "44066204700057": {"lat": 48.61533, "lon": 2.437295, "adresse": "1 RUE DE L'ORGE 91000 EVRY-COURCOURONNES", "codePostal": "91000", "commune": "EVRY-COURCOURONNES"}, "52997589800055": {"lat": 47.224994, "lon": -1.539534, "adresse": "68 RUE DE COULMIERS 44000 NANTES", "codePostal": "44000", "commune": "NANTES"}, "40297328300474": {"lat": 48.862478, "lon": 2.367835, "adresse": "102 C RUE AMELOT 75011 PARIS", "codePostal": "75011", "commune": "PARIS"}, "32854216200024": {"lat": 48.892507, "lon": 2.349626, "adresse": "6 SQUARE ORNANO 75018 PARIS", "codePostal": "75018", "commune": "PARIS"}, "77566270300023": null, "78444843300044": {"lat": 48.8732, "lon": 2.347801, "adresse": "31 RUE DU FAUBOURG POISSONNIERE 75009 PARIS", "codePostal": "75009", "commune": "PARIS"}, "78457414700012": {"lat": 48.837494, "lon": 2.338534, "adresse": "24 RUE DU FAUBOURG SAINT-JACQUES 75014 PARIS", "codePostal": "75014", "commune": "PARIS"}, "32966567300037": {"lat": 48.896786986039814, "lon": 2.4324760564573333, "adresse": "43 RUE DE LA COMMUNE DE PARIS 93230 ROMAINVILLE", "codePostal": "93230", "commune": "ROMAINVILLE"}, "81223169400017": {"lat": 48.861533, "lon": 2.404344, "adresse": "7 RUE DES PRAIRIES 75020 PARIS", "codePostal": "75020", "commune": "PARIS"}, "50026640800045": {"lat": 48.826654, "lon": 2.308569, "adresse": "2 RUE PREVOST PARADOL 75014 PARIS", "codePostal": "75014", "commune": "PARIS"}, "51339803200021": {"lat": 49.257655, "lon": 4.032573, "adresse": "A L'ATTENTION DE MR MANDJEE 33 RUE DE TAMBOUR 51100 REIMS", "codePostal": "51100", "commune": "REIMS"}, "44062157100023": {"lat": 48.875846, "lon": 2.354301, "adresse": "12 RUE LEON SCHWARTZENBERG 75010 PARIS", "codePostal": "75010", "commune": "PARIS"}, "38422607200013": {"lat": 48.863269, "lon": 2.412694, "adresse": "19 RUE HENRI DUVERNOIS 75020 PARIS", "codePostal": "75020", "commune": "PARIS"}, "38238754600023": {"lat": 48.869755, "lon": 2.465174, "adresse": "260 RUE DE ROSNY 93100 MONTREUIL", "codePostal": "93100", "commune": "MONTREUIL"}, "39861308300045": {"lat": 48.859751, "lon": 2.379289, "adresse": "16 B AVENUE PARMENTIER 75011 PARIS", "codePostal": "75011", "commune": "PARIS"}, "43367170800041": {"lat": 48.826966, "lon": 2.312374, "adresse": "15 RUE DES MARINIERS 75014 PARIS", "codePostal": "75014", "commune": "PARIS"}, "78431366000010": {"lat": 48.851952, "lon": 2.324893, "adresse": "12 RUE CHOMEL 75007 PARIS", "codePostal": "75007", "commune": "PARIS"}, "42412123400035": {"lat": 48.861453, "lon": 2.358388, "adresse": "55 RUE DES ARCHIVES 75003 PARIS", "codePostal": "75003", "commune": "PARIS"}, "77569699000206": {"lat": 48.834233, "lon": 2.368105, "adresse": "140 RUE DU CHEVALERET 75013 PARIS", "codePostal": "75013", "commune": "PARIS"}, "50798310400021": {"lat": 48.845083, "lon": 2.392242, "adresse": "HOPITAL DES DIACONESSES 18 RUE DU SERGENT BAUCHAT 75012 PARIS", "codePostal": "75012", "commune": "PARIS"}, "33973531800026": {"lat": 48.890379, "lon": 2.385889, "adresse": "29 RUE DE THIONVILLE 75019 PARIS", "codePostal": "75019", "commune": "PARIS"}, "38005237300012": {"lat": 48.886563, "lon": 2.296704, "adresse": "63 BOULEVARD BERTHIER 75017 PARIS", "codePostal": "75017", "commune": "PARIS"}, "30051303300625": {"lat": 48.786714, "lon": 2.045119, "adresse": "IMMEUBLE CENTRAL GARE 1 PLACE CHARLES DE GAULLE 78180 MONTIGNY-LE-BRETONNEUX", "codePostal": "78180", "commune": "MONTIGNY-LE-BRETONNEUX"}, "42994326900044": {"lat": 48.868927, "lon": 2.456123, "adresse": "2 AV PDT SALVADOR ALLENDE 93100 MONTREUIL", "codePostal": "93100", "commune": "MONTREUIL"}, "44245590300025": {"lat": 48.853737, "lon": 2.374616, "adresse": "8 PASSAGE DES TAILLANDIERS 75011 PARIS", "codePostal": "75011", "commune": "PARIS"}, "91907701600013": {"lat": 48.827161, "lon": 2.336264, "adresse": "11 T RUE D'ALESIA 75014 PARIS", "codePostal": "75014", "commune": "PARIS"}, "44062157100015": {"lat": 48.875846, "lon": 2.354301, "adresse": "12 RUE LEON SCHWARTZENBERG 75010 PARIS", "codePostal": "75010", "commune": "PARIS"}, "39452889700074": {"lat": 48.866731, "lon": 2.292193, "adresse": "11 RUE DE L' AMIRAL HAMELIN 75016 PARIS", "codePostal": "75016", "commune": "PARIS"}, "84244656900027": {"lat": 48.899151, "lon": 2.320685, "adresse": "5 BOULEVARD DU BOIS LE PRETRE 75017 PARIS", "codePostal": "75017", "commune": "PARIS"}, "34796946100024": {"lat": 48.853481, "lon": 2.295089, "adresse": "56 RUE DE LA FEDERATION 75015 PARIS", "codePostal": "75015", "commune": "PARIS"}, "39196151300085": {"lat": 48.870966, "lon": 2.321435, "adresse": "23 RUE D'ANJOU 75008 PARIS", "codePostal": "75008", "commune": "PARIS"}, "53144579900012": {"lat": 48.942428, "lon": 2.134892, "adresse": "17 RUE DU HAUT DES PETITS BOIS 78600 MAISONS-LAFFITTE", "codePostal": "78600", "commune": "MAISONS-LAFFITTE"}, "82822702500040": {"lat": 48.874192, "lon": 2.352997, "adresse": "CHEZ AGAPI 15 RUE MARTEL 75010 PARIS", "codePostal": "75010", "commune": "PARIS"}, "34934969600022": {"lat": 48.867589, "lon": 2.3913, "adresse": "52 RUE DE LA BIDASSOA 75020 PARIS", "codePostal": "75020", "commune": "PARIS"}, "80884349400028": {"lat": 48.898458, "lon": 2.371478, "adresse": "219 BOULEVARD MACDONALD 75019 PARIS", "codePostal": "75019", "commune": "PARIS"}, "83125231700019": {"lat": 48.870594, "lon": 2.377859, "adresse": "40 RUE DE L'ORILLON 75011 PARIS", "codePostal": "75011", "commune": "PARIS"}, "48154244700026": {"lat": 48.831646, "lon": 2.329884, "adresse": "34 AVENUE DU GENERAL LECLERC 75014 PARIS", "codePostal": "75014", "commune": "PARIS"}, "78881042200022": {"lat": 48.821435, "lon": 2.34826, "adresse": "13 RUE ANNIE GIRARDOT 75013 PARIS", "codePostal": "75013", "commune": "PARIS"}, "81145574000027": {"lat": 48.827914, "lon": 2.355409, "adresse": "13 RUE VANDREZANNE 75013 PARIS", "codePostal": "75013", "commune": "PARIS"}, "38863677100015": {"lat": 48.851846, "lon": 2.40422, "adresse": "10 RUE TOLAIN 75020 PARIS", "codePostal": "75020", "commune": "PARIS"}, "78461538700015": {"lat": 48.839051, "lon": 2.310229, "adresse": "4 RUE ELISABETH VIGEE-LEBRUN 75015 PARIS", "codePostal": "75015", "commune": "PARIS"}, "39408789400108": {"lat": 48.905763, "lon": 2.387206, "adresse": "65 RUE DES CITES 93300 AUBERVILLIERS", "codePostal": "93300", "commune": "AUBERVILLIERS"}, "81223340100015": {"lat": 48.88891, "lon": 2.308801, "adresse": "132 RUE DE SAUSSURE 75017 PARIS", "codePostal": "75017", "commune": "PARIS"}, "34502176000045": {"lat": 48.8562, "lon": 2.290234, "adresse": "91 QUAI JACQUES CHIRAC 75015 PARIS", "codePostal": "75015", "commune": "PARIS"}, "38238754600106": {"lat": 48.869755, "lon": 2.465174, "adresse": "260 RUE DE ROSNY 93100 MONTREUIL", "codePostal": "93100", "commune": "MONTREUIL"}, "88148339000020": {"lat": 48.896463, "lon": 2.341499, "adresse": "2 RUE GUSTAVE ROUANET 75018 PARIS", "codePostal": "75018", "commune": "PARIS"}, "48208866300026": {"lat": 48.894593, "lon": 2.352433, "adresse": "48 B RUE BOINOD 75018 PARIS", "codePostal": "75018", "commune": "PARIS"}, "77566270300047": {"lat": 48.855966, "lon": 2.379576, "adresse": "12 COUR DEBILLE 75011 PARIS", "codePostal": "75011", "commune": "PARIS"}, "31889394800014": {"lat": 48.846197, "lon": 2.38629, "adresse": "30 RUE ERARD 75012 PARIS", "codePostal": "75012", "commune": "PARIS"}, "79394484400018": {"lat": 48.89989, "lon": 2.336155, "adresse": "24 AVENUE DE LA PORTE DE MONTMARTRE 75018 PARIS", "codePostal": "75018", "commune": "PARIS"}, "39506543600044": {"lat": 48.829645, "lon": 2.292539, "adresse": "11 AVENUE DE LA PORTE DE LA PLAINE 75015 PARIS", "codePostal": "75015", "commune": "PARIS"}, "81791243900012": {"lat": 48.900377, "lon": 2.386519, "adresse": "11 B PLACE AUGUSTE BARON 75019 PARIS", "codePostal": "75019", "commune": "PARIS"}, "32744679500012": {"lat": 48.877612, "lon": 2.350954, "adresse": "106 RUE LA FAYETTE 75010 PARIS", "codePostal": "75010", "commune": "PARIS"}, "33956465000028": {"lat": 48.873897, "lon": 2.388191, "adresse": "346 B RUE DES PYRENEES 75020 PARIS", "codePostal": "75020", "commune": "PARIS"}, "38411101900012": {"lat": 48.886001, "lon": 2.3507, "adresse": "52 RUE POLONCEAU 75018 PARIS", "codePostal": "75018", "commune": "PARIS"}, "77565950100057": {"lat": 48.858204, "lon": 2.34655, "adresse": "18 AVENUE VICTORIA 75001 PARIS", "codePostal": "75001", "commune": "PARIS"}, "78424416200086": {"lat": 48.864259, "lon": 2.342008, "adresse": "3 RUE COQ HERON 75001 PARIS", "codePostal": "75001", "commune": "PARIS"}, "77569810300311": {"lat": 48.845192, "lon": 2.395309, "adresse": "34 RUE DE PICPUS 75012 PARIS", "codePostal": "75012", "commune": "PARIS"}, "42002748400047": {"lat": 48.82261, "lon": 2.377554, "adresse": "1 AVENUE BOUTROUX 75013 PARIS", "codePostal": "75013", "commune": "PARIS"}, "78434004400030": {"lat": 48.831314, "lon": 2.337519, "adresse": "20 RUE DAREAU 75014 PARIS", "codePostal": "75014", "commune": "PARIS"}, "40084047600115": {"lat": 48.857192, "lon": 2.369332, "adresse": "6 RUE DU CHEMIN VERT 75011 PARIS", "codePostal": "75011", "commune": "PARIS"}, "42447742000022": {"lat": 48.880598, "lon": 2.366228, "adresse": "24 RUE LOUIS BLANC 75010 PARIS", "codePostal": "75010", "commune": "PARIS"}, "42002748400021": {"lat": 48.82261, "lon": 2.377554, "adresse": "1 AVENUE BOUTROUX 75013 PARIS", "codePostal": "75013", "commune": "PARIS"}, "78434003600044": {"lat": 48.867263, "lon": 2.392843, "adresse": "8 RUE BOYER 75020 PARIS", "codePostal": "75020", "commune": "PARIS"}, "79301329300014": {"lat": 48.856543, "lon": 2.28418, "adresse": "14 AVENUE RENE BOYLESVE 75016 PARIS", "codePostal": "75016", "commune": "PARIS"}, "82777768100012": {"lat": 48.872714, "lon": 2.398023, "adresse": "RDC - LOCAL COMMERCIAL 160 RUE PELLEPORT 75020 PARIS", "codePostal": "75020", "commune": "PARIS"}, "78424398200096": {"lat": 48.873781, "lon": 2.35856, "adresse": "62 BOULEVARD DE MAGENTA 75010 PARIS", "codePostal": "75010", "commune": "PARIS"}, "40434387300042": {"lat": 48.877954, "lon": 2.214043, "adresse": "300 RUE PAUL VAILLANT-COUTURIER 92000 NANTERRE", "codePostal": "92000", "commune": "NANTERRE"}, "34126809200044": {"lat": 48.834808, "lon": 2.296085, "adresse": "39 RUE OLIVIER DE SERRES 75015 PARIS", "codePostal": "75015", "commune": "PARIS"}, "32101874900127": {"lat": 48.906202, "lon": 2.358907, "adresse": "84 AVENUE DU PRESIDENT WILSON 93210 SAINT-DENIS", "codePostal": "93210", "commune": "SAINT-DENIS"}, "42100214800052": {"lat": 48.863529, "lon": 2.372543, "adresse": "42 RUE DE LA FOLIE-MERICOURT 75011 PARIS", "codePostal": "75011", "commune": "PARIS"}, "31609959700049": {"lat": 48.88983, "lon": 2.294183, "adresse": "3 RUE MAURICE RAVEL 92300 LEVALLOIS-PERRET", "codePostal": "92300", "commune": "LEVALLOIS-PERRET"}, "77568194300053": {"lat": 48.830493, "lon": 2.358766, "adresse": "11 RUE ALBERT BAYET 75013 PARIS", "codePostal": "75013", "commune": "PARIS"}, "38275581700014": {"lat": 48.838037, "lon": 2.348031, "adresse": "35 RUE BROCA 75005 PARIS", "codePostal": "75005", "commune": "PARIS"}, "38291390300052": {"lat": 48.890014, "lon": 2.408651, "adresse": "14 RUE LESAULT 93500 PANTIN", "codePostal": "93500", "commune": "PANTIN"}, "79829939200018": {"lat": 48.887901, "lon": 2.199478, "adresse": "20 RUE GAMBETTA 92000 NANTERRE", "codePostal": "92000", "commune": "NANTERRE"}, "82262630500038": {"lat": 47.19582, "lon": -1.569685, "adresse": "7 RUE LESCHAUD 44400 REZE", "codePostal": "44400", "commune": "REZE"}, "43872697800028": {"lat": 48.887424, "lon": 2.379262, "adresse": "92 B QUAI DE LA LOIRE 75019 PARIS", "codePostal": "75019", "commune": "PARIS"}, "44504332600013": {"lat": 48.844113, "lon": 2.390565, "adresse": "95 RUE DE REUILLY 75012 PARIS", "codePostal": "75012", "commune": "PARIS"}, "49363024800018": {"lat": 48.835062, "lon": 2.450645, "adresse": "ROUTE DU CHAMP DE MANOEUVRES 75012 PARIS", "codePostal": "75012", "commune": "PARIS"}, "82477653800020": {"lat": 48.880569, "lon": 2.398148, "adresse": "56 BOULEVARD SERURIER 75019 PARIS", "codePostal": "75019", "commune": "PARIS"}, "50860787600028": {"lat": 48.833925, "lon": 2.454596, "adresse": "INSEP 11 AVENUE DU TREMBLAY 75012 PARIS", "codePostal": "75012", "commune": "PARIS"}, "39459802300023": {"lat": 46.583475, "lon": 0.323742, "adresse": "29 RUE LADMIRAULT 86000 POITIERS", "codePostal": "86000", "commune": "POITIERS"}, "52098716500021": {"lat": 48.863205, "lon": 2.379747, "adresse": "6 RUE GUILLAUME BERTRAND 75011 PARIS", "codePostal": "75011", "commune": "PARIS"}, "44849623200019": {"lat": 49.451092, "lon": 1.080212, "adresse": "46 RUE THOMAS DUBOSC 76000 ROUEN", "codePostal": "76000", "commune": "ROUEN"}, "49166936200049": {"lat": 48.858745, "lon": 2.345606, "adresse": "15 RUE JEAN LANTIER 75001 PARIS", "codePostal": "75001", "commune": "PARIS"}, "38786360800015": {"lat": 48.894832, "lon": 2.360109, "adresse": "33 RUE BOUCRY 75018 PARIS", "codePostal": "75018", "commune": "PARIS"}, "78420127900014": {"lat": 48.865592, "lon": 2.347633, "adresse": "FOND DE COUR 60 RUE GRENETA 75002 PARIS 2", "codePostal": "75002", "commune": "PARIS 2"}, "32965532800022": {"lat": 48.838719, "lon": 2.397324, "adresse": "180 AVENUE DAUMESNIL 75012 PARIS", "codePostal": "75012", "commune": "PARIS"}, "81029511300015": {"lat": 48.824534, "lon": 2.326974, "adresse": "49 RUE BEAUNIER 75014 PARIS", "codePostal": "75014", "commune": "PARIS"}, "48974929100030": {"lat": 48.879987, "lon": 2.36535, "adresse": "14 RUE ALEXANDRE PARODI 75010 PARIS", "codePostal": "75010", "commune": "PARIS"}, "39265534600048": {"lat": 48.827367, "lon": 2.324196, "adresse": "6 B RUE DE CHATILLON 75014 PARIS", "codePostal": "75014", "commune": "PARIS"}, "48361649600012": {"lat": 48.890069, "lon": 2.347335, "adresse": "MAISON DES ASSOCIATIONS 15 PASSAGE RAMEY 75018 PARIS", "codePostal": "75018", "commune": "PARIS"}, "31562930300027": {"lat": 48.886349, "lon": 2.336232, "adresse": "26 RUE DURANTIN 75018 PARIS", "codePostal": "75018", "commune": "PARIS"}, "47805699700016": {"lat": 48.840488, "lon": 2.392507, "adresse": "2E ETAGE 181 AVENUE DAUMESNIL 75012 PARIS", "codePostal": "75012", "commune": "PARIS"}, "42961145200047": {"lat": 48.855576, "lon": 2.392963, "adresse": "6 RUE ROBERT ET SONIA DELAUNAY 75011 PARIS", "codePostal": "75011", "commune": "PARIS"}, "49122604900014": {"lat": 48.859751, "lon": 2.379289, "adresse": "A L ATTENTION DE JEAN-PIERRE FOURNIER 16 B AVENUE PARMENTIER 75011 PARIS", "codePostal": "75011", "commune": "PARIS"}, "82907750200013": {"lat": 48.828599, "lon": 2.308583, "adresse": "CANTINE DES ARBUSTES 5 RUE DES ARBUSTES 75014 PARIS", "codePostal": "75014", "commune": "PARIS"}, "33048945100014": {"lat": 48.843178, "lon": 2.299933, "adresse": "52 RUE DE L AMIRAL ROUSSIN 75015 PARIS 15", "codePostal": "75015", "commune": "PARIS 15"}, "77567869100327": {"lat": 48.870497, "lon": 2.39401, "adresse": "282 RUE DES PYRENEES 75020 PARIS", "codePostal": "75020", "commune": "PARIS"}, "34855980800012": {"lat": 48.859651, "lon": 2.380046, "adresse": "39 CITE INDUSTRIELLE 75011 PARIS", "codePostal": "75011", "commune": "PARIS"}, "47772890100018": {"lat": 48.825078, "lon": 2.371454, "adresse": "6 VILLA NIEUPORT 75013 PARIS", "codePostal": "75013", "commune": "PARIS"}, "75236404200024": {"lat": 48.863078, "lon": 2.354327, "adresse": "S C CENTRE LGBT 63 RUE BEAUBOURG 75003 PARIS 3", "codePostal": "75003", "commune": "PARIS 3"}, "40318426000012": {"lat": 48.873995, "lon": 2.359166, "adresse": "11 PASSAGE DUBAIL 75010 PARIS", "codePostal": "75010", "commune": "PARIS"}, "53817240400013": {"lat": 48.897058, "lon": 2.392912, "adresse": "2 RUE DE LA CLOTURE 75019 PARIS", "codePostal": "75019", "commune": "PARIS"}, "38291565000032": {"lat": 48.849429, "lon": 2.350998, "adresse": "39 BOULEVARD SAINT-GERMAIN 75005 PARIS", "codePostal": "75005", "commune": "PARIS"}, "32500114700025": {"lat": 50.611316, "lon": 3.065254, "adresse": "71 RUE VICTOR RENARD 59000 LILLE", "codePostal": "59000", "commune": "LILLE"}, "50075994900018": {"lat": 48.944046, "lon": 2.431555, "adresse": "1 ALLEE DE BRUXELLES AEROPORT DE PARIS LE BOURG 93350 LE BOURGET", "codePostal": "93350", "commune": "LE BOURGET"}, "78471870200037": {"lat": 48.8549, "lon": 2.38345, "adresse": "5 IMPASSE BON SECOURS 75011 PARIS", "codePostal": "75011", "commune": "PARIS"}, "82095968200023": {"lat": 48.820234, "lon": 2.338189, "adresse": "21 BOULEVARD JOURDAN 75014 PARIS", "codePostal": "75014", "commune": "PARIS"}, "44066204700016": {"lat": 48.61533, "lon": 2.437295, "adresse": "1 RUE DE L'ORGE 91000 EVRY-COURCOURONNES", "codePostal": "91000", "commune": "EVRY-COURCOURONNES"}, "37848041200014": {"lat": 48.888485, "lon": 2.38192, "adresse": "14 RUE DE THIONVILLE 75019 PARIS", "codePostal": "75019", "commune": "PARIS"}, "43991448200047": {"lat": 48.855756, "lon": 2.429476, "adresse": "70 RUE DOUY DELCUPE 93100 MONTREUIL", "codePostal": "93100", "commune": "MONTREUIL"}, "34226673100013": {"lat": 48.847116, "lon": 2.270127, "adresse": "4 RUE COROT 75016 PARIS", "codePostal": "75016", "commune": "PARIS"}, "53321472200035": {"lat": 48.862293, "lon": 2.399418, "adresse": "MVAC 20 - BOITE 75 18 RUE RAMUS 75020 PARIS", "codePostal": "75020", "commune": "PARIS"}, "32079827500030": {"lat": 48.853229, "lon": 2.389652, "adresse": "10 IMPASSE DELEPINE 75011 PARIS", "codePostal": "75011", "commune": "PARIS"}, "77568401200138": {"lat": 48.83914, "lon": 2.311956, "adresse": "SIEGE SOCIAL 91 B RUE FALGUIERE 75015 PARIS", "codePostal": "75015", "commune": "PARIS"}, "39924109000063": {"lat": 48.813442, "lon": 2.192525, "adresse": "855 AVENUE ROGER SALENGRO 92370 CHAVILLE", "codePostal": "92370", "commune": "CHAVILLE"}, "85285418100017": {"lat": 48.868068, "lon": 2.287737, "adresse": "CHEZ NAXIS BAT A - RDC 59 RUE BOISSIERE 75016 PARIS", "codePostal": "75016", "commune": "PARIS"}, "34934969600097": {"lat": 48.867589, "lon": 2.3913, "adresse": "52 RUE DE LA BIDASSOA 75020 PARIS", "codePostal": "75020", "commune": "PARIS"}, "43423583400018": {"lat": 48.850764, "lon": 2.341493, "adresse": "11 RUE DE L'ECOLE DE MEDECINE 75006 PARIS", "codePostal": "75006", "commune": "PARIS"}, "48102744900026": {"lat": 48.873436, "lon": 2.344671, "adresse": "5 RUE DE LA BOULE ROUGE 75009 PARIS", "codePostal": "75009", "commune": "PARIS"}, "44831946700016": {"lat": 48.843174, "lon": 2.396965, "adresse": "60 B RUE DE PICPUS 75012 PARIS", "codePostal": "75012", "commune": "PARIS"}, "38434214300060": {"lat": 48.858392, "lon": 2.43466, "adresse": "30 BOULEVARD DE CHANZY 93100 MONTREUIL", "codePostal": "93100", "commune": "MONTREUIL"}, "30666486300033": {"lat": 48.889377, "lon": 2.394072, "adresse": "223 AVENUE JEAN JAURES 75019 PARIS", "codePostal": "75019", "commune": "PARIS"}, "42024119200012": {"lat": 48.843459, "lon": 2.320739, "adresse": "21 AV DU MAINE 75015 PARIS 15", "codePostal": "75015", "commune": "PARIS 15"}, "42081677900029": {"lat": 48.88609, "lon": 2.367224, "adresse": "9 B RUE BELLOT 75019 PARIS", "codePostal": "75019", "commune": "PARIS"}, "83049505700010": {"lat": 48.885124, "lon": 2.333154, "adresse": "8 RUE CAUCHOIS 75018 PARIS", "codePostal": "75018", "commune": "PARIS"}, "89203125300024": {"lat": 48.820932, "lon": 2.373463, "adresse": "6 AVENUE JOSEPH BEDIER 75013 PARIS", "codePostal": "75013", "commune": "PARIS"}, "39394317000034": {"lat": 48.863029, "lon": 2.3543, "adresse": "61/63 61 RUE BEAUBOURG 75003 PARIS", "codePostal": "75003", "commune": "PARIS"}, "51479033600010": {"lat": 48.836507, "lon": 2.400083, "adresse": "6 RUE EDOUARD ROBERT 75012 PARIS", "codePostal": "75012", "commune": "PARIS"}, "31899089200065": {"lat": 48.856726, "lon": 2.428267, "adresse": "CS 10007 102 RUE DE PARIS 93100 MONTREUIL", "codePostal": "93100", "commune": "MONTREUIL"}, "81258269000010": {"lat": 48.857192, "lon": 2.369332, "adresse": "6 RUE DU CHEMIN VERT 75011 PARIS", "codePostal": "75011", "commune": "PARIS"}, "44263388900039": {"lat": 48.894522, "lon": 2.338172, "adresse": "15 RUE DU POLE NORD 75018 PARIS", "codePostal": "75018", "commune": "PARIS"}, "78430881900027": {"lat": 48.859891, "lon": 2.304587, "adresse": "11 RUE PIERRE VILLEY 75007 PARIS", "codePostal": "75007", "commune": "PARIS"}, "34169282000028": {"lat": 48.886776, "lon": 2.377956, "adresse": "76 QUAI DE LA LOIRE 75019 PARIS", "codePostal": "75019", "commune": "PARIS"}, "31142718100020": {"lat": 48.854534, "lon": 2.382491, "adresse": "6 RUE RICHARD LENOIR 75011 PARIS", "codePostal": "75011", "commune": "PARIS"}, "52976012600019": {"lat": 48.848842, "lon": 2.366138, "adresse": "15 BOULEVARD BOURDON 75004 PARIS", "codePostal": "75004", "commune": "PARIS"}, "33354488000060": {"lat": 48.870354, "lon": 2.364765, "adresse": "10 RUE DIEU 75010 PARIS 10", "codePostal": "75010", "commune": "PARIS 10"}, "81222982100010": {"lat": 48.888132, "lon": 2.362432, "adresse": "12 ESPLANADE NATHALIE SARRAUTE 75018 PARIS", "codePostal": "75018", "commune": "PARIS"}, "75045418300021": {"lat": 48.833514, "lon": 2.366378, "adresse": "8 SQUARE DUNOIS 75013 PARIS", "codePostal": "75013", "commune": "PARIS"}, "78450400300053": {"lat": 48.843129, "lon": 2.386756, "adresse": "11 RUE MONTGALLET 75012 PARIS", "codePostal": "75012", "commune": "PARIS"}, "53755352100023": {"lat": 48.885344, "lon": 2.338363, "adresse": "10 PASSAGE DES ABBESSES 75018 PARIS", "codePostal": "75018", "commune": "PARIS"}, "37996004000010": {"lat": 48.895031, "lon": 2.323751, "adresse": "25 RUE LANTIEZ 75017 PARIS", "codePostal": "75017", "commune": "PARIS"}, "38383771300023": {"lat": 48.824371, "lon": 2.375485, "adresse": "4 RUE DU DESSOUS DES BERGES 75013 PARIS", "codePostal": "75013", "commune": "PARIS"}, "45057218500038": {"lat": 48.889841, "lon": 2.353461, "adresse": "44 RUE LEON 75018 PARIS", "codePostal": "75018", "commune": "PARIS"}, "38043997600024": {"lat": 48.837883, "lon": 2.493751, "adresse": "2 BOULEVARD ALBERT 1ER 94130 NOGENT-SUR-MARNE", "codePostal": "94130", "commune": "NOGENT-SUR-MARNE"}, "32133736200024": {"lat": 48.871604, "lon": 2.364257, "adresse": "33 RUE BEAUREPAIRE 75010 PARIS", "codePostal": "75010", "commune": "PARIS"}, "51825309100020": {"lat": 45.14979, "lon": 5.323159, "adresse": "9 RUE DU COLOMBIER 38160 SAINT-MARCELLIN", "codePostal": "38160", "commune": "SAINT-MARCELLIN"}, "37813740000024": {"lat": 48.878387, "lon": 2.39712, "adresse": "56-60 56 RUE DU PRE SAINT-GERVAIS 75019 PARIS", "codePostal": "75019", "commune": "PARIS"}, "80540412600031": {"lat": 48.867557, "lon": 2.377184, "adresse": "90 RUE JEAN-PIERRE TIMBAUD 75011 PARIS", "codePostal": "75011", "commune": "PARIS"}, "48037819900024": {"lat": 48.883623, "lon": 2.386277, "adresse": "8 ALLEE DARIUS MILHAUD 75019 PARIS", "codePostal": "75019", "commune": "PARIS"}, "32810007800059": {"lat": 48.829191, "lon": 2.361102, "adresse": "54 AVENUE EDISON 75013 PARIS", "codePostal": "75013", "commune": "PARIS"}, "81958287500012": {"lat": 48.878412, "lon": 2.388265, "adresse": "78 RUE DE LA VILLETTE 75019 PARIS", "codePostal": "75019", "commune": "PARIS"}, "34850721100012": {"lat": 48.84602, "lon": 2.381563, "adresse": "NUM VOIE 010-012 10 PASSAGE ABEL LEBLANC 75012 PARIS", "codePostal": "75012", "commune": "PARIS"}, "52467428000010": {"lat": 48.894832, "lon": 2.360109, "adresse": "33 RUE BOUCRY 75018 PARIS", "codePostal": "75018", "commune": "PARIS"}, "38434214300052": {"lat": 48.858392, "lon": 2.43466, "adresse": "30 BOULEVARD DE CHANZY 93100 MONTREUIL", "codePostal": "93100", "commune": "MONTREUIL"}, "30554644200024": {"lat": 48.870475, "lon": 2.403139, "adresse": "159 AVENUE GAMBETTA 75020 PARIS", "codePostal": "75020", "commune": "PARIS"}, "78467198400044": {"lat": 48.8299, "lon": 2.346731, "adresse": "89 BOULEVARD AUGUSTE BLANQUI 75013 PARIS", "codePostal": "75013", "commune": "PARIS"}, "77569197500178": {"lat": 48.808767, "lon": 2.361578, "adresse": "23 PLACE VICTOR HUGO 94270 LE KREMLIN-BICETRE", "codePostal": "94270", "commune": "LE KREMLIN-BICETRE"}, "78457908800013": {"lat": 48.831314, "lon": 2.337519, "adresse": "20 RUE DAREAU 75014 PARIS", "codePostal": "75014", "commune": "PARIS"}, "31788348600035": {"lat": 48.85786, "lon": 2.392446, "adresse": "190 BOULEVARD DE CHARONNE 75020 PARIS", "codePostal": "75020", "commune": "PARIS"}, "48536452500025": {"lat": 48.713066, "lon": 2.20971, "adresse": "SITE NANO-INNOV 2 BOULEVARD THOMAS GOBERT 91120 PALAISEAU", "codePostal": "91120", "commune": "PALAISEAU"}, "32450071900020": {"lat": 48.832818, "lon": 2.370745, "adresse": "108 RUE DU CHEVALERET 75013 PARIS", "codePostal": "75013", "commune": "PARIS"}, "83235826100028": {"lat": 48.831968, "lon": 2.364419, "adresse": "7 RUE DU DOCTEUR CHARLES RICHET 75013 PARIS", "codePostal": "75013", "commune": "PARIS"}, "84244656900019": {"lat": 48.899151, "lon": 2.320685, "adresse": "5 BOULEVARD DU BOIS LE PRETRE 75017 PARIS", "codePostal": "75017", "commune": "PARIS"}, "30500910200065": {"lat": 48.883386, "lon": 2.373133, "adresse": "34 AVENUE JEAN JAURES 75019 PARIS", "codePostal": "75019", "commune": "PARIS"}, "49791570200037": {"lat": 48.893161, "lon": 2.35082, "adresse": "RDC 26 RUE BOINOD 75018 PARIS", "codePostal": "75018", "commune": "PARIS"}, "77566008700013": {"lat": 48.870708, "lon": 2.345913, "adresse": "BP 206 20 RUE SAINT-FIACRE 75002 PARIS", "codePostal": "75002", "commune": "PARIS"}, "92471390200014": {"lat": 48.873985, "lon": 2.395418, "adresse": "29 RUE DU SOLEIL 75020 PARIS", "codePostal": "75020", "commune": "PARIS"}, "30051264700128": {"lat": 48.843129, "lon": 2.406367, "adresse": "4 RUE LASSON 75012 PARIS", "codePostal": "75012", "commune": "PARIS"}, "90788472000018": {"lat": 48.842744, "lon": 2.363532, "adresse": "6 BOULEVARD DE L'HOPITAL 75005 PARIS", "codePostal": "75005", "commune": "PARIS"}, "84068581200017": {"lat": 48.878505, "lon": 2.399463, "adresse": "41 RUE DES BOIS 75019 PARIS", "codePostal": "75019", "commune": "PARIS"}, "77566203400088": {"lat": 48.853437, "lon": 2.350878, "adresse": "1 RUE MASSILLON 75004 PARIS", "codePostal": "75004", "commune": "PARIS"}, "98744131800019": {"lat": 48.862293, "lon": 2.399418, "adresse": "MAISON DE LA VIE ASSOCIATIVE ET CITOYENNE DU 20EME 18 RUE RAMUS 75020 PARIS", "codePostal": "75020", "commune": "PARIS"}, "50276684300010": {"lat": 48.860673, "lon": 2.388217, "adresse": "39 BOULEVARD DE MENILMONTANT 75011 PARIS", "codePostal": "75011", "commune": "PARIS"}, "45099797800058": {"lat": 48.835592, "lon": 2.325821, "adresse": "22 RUE DEPARCIEUX 75014 PARIS", "codePostal": "75014", "commune": "PARIS"}, "31124797700011": {"lat": 48.837212, "lon": 2.281414, "adresse": "193 RUE DE LOURMEL 75015 PARIS", "codePostal": "75015", "commune": "PARIS"}, "39892681600016": {"lat": 48.83108, "lon": 2.342444, "adresse": "147 BOULEVARD AUGUSTE BLANQUI 75013 PARIS", "codePostal": "75013", "commune": "PARIS"}, "33956465000010": {"lat": 48.873897, "lon": 2.388191, "adresse": "346 B RUE DES PYRENEES 75020 PARIS", "codePostal": "75020", "commune": "PARIS"}, "51277791300025": {"lat": 48.855617, "lon": 2.400313, "adresse": "105 RUE ALEXANDRE DUMAS 75020 PARIS", "codePostal": "75020", "commune": "PARIS"}, "92171554600021": {"lat": 46.130073, "lon": 6.382056, "adresse": "BATIMENT D 2117 ROUTE DE BONNEVILLE 74250 PEILLONNEX", "codePostal": "74250", "commune": "PEILLONNEX"}, "31638824800023": {"lat": 48.880869, "lon": 2.363373, "adresse": "190 RUE LA FAYETTE 75010 PARIS 10", "codePostal": "75010", "commune": "PARIS 10"}, "78431455100010": {"lat": 48.849869, "lon": 2.316773, "adresse": "23 RUE OUDINOT 75007 PARIS", "codePostal": "75007", "commune": "PARIS"}, "88990882800011": {"lat": 48.833514, "lon": 2.366378, "adresse": "LUDOTHEQUE DENISE GARON 8 SQUARE DUNOIS 75013 PARIS", "codePostal": "75013", "commune": "PARIS"}, "37937216200022": {"lat": 48.732167, "lon": 2.292395, "adresse": "MAISON DE LA FORMATION 10 AVENUE DU NOYER LAMBERT 91300 MASSY", "codePostal": "91300", "commune": "MASSY"}, "32785198600015": {"lat": 48.841663, "lon": 2.282508, "adresse": "77 RUE DES CEVENNES 75015 PARIS", "codePostal": "75015", "commune": "PARIS"}, "41866385200022": {"lat": 48.861266, "lon": 2.378502, "adresse": "MAISON DES ASSO DU 11E 8 RUE DU GENERAL RENAULT 75011 PARIS", "codePostal": "75011", "commune": "PARIS"}, "49034874500053": {"lat": 48.876082, "lon": 2.330064, "adresse": "76 RUE SAINT-LAZARE 75009 PARIS", "codePostal": "75009", "commune": "PARIS"}, "34761770600010": {"lat": 48.878425, "lon": 2.372829, "adresse": "19 RUE DES CHAUFOURNIERS 75019 PARIS", "codePostal": "75019", "commune": "PARIS"}, "44849623200027": {"lat": 49.451092, "lon": 1.080212, "adresse": "46 RUE THOMAS DUBOSC 76000 ROUEN", "codePostal": "76000", "commune": "ROUEN"}, "79856979400026": {"lat": 48.827586, "lon": 2.314743, "adresse": "96 RUE DIDOT 75014 PARIS", "codePostal": "75014", "commune": "PARIS"}, "78441436900065": {"lat": 48.884125, "lon": 2.365344, "adresse": "167 BOULEVARD DE LA VILLETTE 75010 PARIS", "codePostal": "75010", "commune": "PARIS"}, "79164383600018": null, "91381878700016": {"lat": 48.894955, "lon": 2.365577, "adresse": "M. GILLES WALQUENART (PDT) 10 RUE TRISTAN TZARA 75018 PARIS", "codePostal": "75018", "commune": "PARIS"}, "75045418300013": {"lat": 48.833514, "lon": 2.366378, "adresse": "8 SQUARE DUNOIS 75013 PARIS", "codePostal": "75013", "commune": "PARIS"}, "81050518000044": {"lat": 48.833154, "lon": 2.467346, "adresse": "45 B AVENUE DE LA BELLE GABRIELLE 75012 PARIS", "codePostal": "75012", "commune": "PARIS"}, "87903689500016": {"lat": 48.863295, "lon": 2.341263, "adresse": "4 RUE DU COLONEL DRIANT 75001 PARIS", "codePostal": "75001", "commune": "PARIS"}, "40261428300032": {"lat": 48.825984, "lon": 2.306569, "adresse": "STADE DE LA PORTE DIDOT 18 AVENUE MARC SANGNIER 75014 PARIS", "codePostal": "75014", "commune": "PARIS"}, "48899958200015": {"lat": 48.836307, "lon": 2.394867, "adresse": "26 T RUE NICOLAI 75012 PARIS", "codePostal": "75012", "commune": "PARIS"}, "92381102000018": {"lat": 48.827928, "lon": 2.328257, "adresse": "48 RUE D'ALESIA 75014 PARIS", "codePostal": "75014", "commune": "PARIS"}, "34083638600011": {"lat": 48.878527, "lon": 2.313815, "adresse": "11 B RUE DE VEZELAY 75008 PARIS", "codePostal": "75008", "commune": "PARIS"}, "44168171500047": {"lat": 48.89469, "lon": 2.376686, "adresse": "9 RUE COLETTE MAGNY 75019 PARIS", "codePostal": "75019", "commune": "PARIS"}, "35062714700019": {"lat": 48.839532, "lon": 2.289852, "adresse": "184 RUE DE LA CROIX NIVERT 75015 PARIS", "codePostal": "75015", "commune": "PARIS"}, "31500093500025": {"lat": 48.825133, "lon": 2.366388, "adresse": "27 RUE DU JAVELOT 75013 PARIS", "codePostal": "75013", "commune": "PARIS"}, "44507526000031": {"lat": 48.913984, "lon": 2.357396, "adresse": "221 AVENUE DU PRESIDENT WILSON 93210 SAINT-DENIS", "codePostal": "93210", "commune": "SAINT-DENIS"}, "77566000400042": {"lat": 48.860996, "lon": 2.376978, "adresse": "4 SQUARE SAINT-IRENEE 75011 PARIS", "codePostal": "75011", "commune": "PARIS"}, "39072518200047": {"lat": 48.862478, "lon": 2.367835, "adresse": "102 C RUE AMELOT 75011 PARIS", "codePostal": "75011", "commune": "PARIS"}, "82004414700016": {"lat": 48.879685, "lon": 2.343532, "adresse": "46 RUE RODIER 75009 PARIS", "codePostal": "75009", "commune": "PARIS"}, "44801399500015": {"lat": 48.895474, "lon": 2.332919, "adresse": "14 RUE GEORGETTE AGUTTE 75018 PARIS", "codePostal": "75018", "commune": "PARIS"}, "53855846000025": null, "38045574100179": {"lat": 48.854579, "lon": 2.417068, "adresse": "261 RUE DE PARIS 93100 MONTREUIL", "codePostal": "93100", "commune": "MONTREUIL"}, "32344887800013": {"lat": 48.856989, "lon": 2.301435, "adresse": "65 AVENUE DE LA BOURDONNAIS 75007 PARIS", "codePostal": "75007", "commune": "PARIS"}, "78943248100024": {"lat": 48.854329, "lon": 2.322694, "adresse": "46 RUE DE VARENNE 75007 PARIS", "codePostal": "75007", "commune": "PARIS"}, "32101874900457": {"lat": 48.906202, "lon": 2.358907, "adresse": "84 AVENUE DU PRESIDENT WILSON 93210 SAINT-DENIS", "codePostal": "93210", "commune": "SAINT-DENIS"}, "80530489600014": {"lat": 48.872268, "lon": 2.327331, "adresse": "35 RUE GODOT DE MAUROY 75009 PARIS", "codePostal": "75009", "commune": "PARIS"}, "77567628100014": {"lat": 48.874504, "lon": 2.344263, "adresse": "5 RUE SAULNIER 75009 PARIS", "codePostal": "75009", "commune": "PARIS"}, "51277791300017": {"lat": 48.855617, "lon": 2.400313, "adresse": "105 RUE ALEXANDRE DUMAS 75020 PARIS", "codePostal": "75020", "commune": "PARIS"}, "41817478500018": {"lat": 48.853837, "lon": 2.308638, "adresse": "17 AVENUE DE TOURVILLE 75007 PARIS", "codePostal": "75007", "commune": "PARIS"}, "32396160700039": {"lat": 48.877019, "lon": 2.356067, "adresse": "RUE DU FBG SAINT DENIS 75010 PARIS 10", "codePostal": "75010", "commune": "PARIS 10"}, "48154244700018": {"lat": 48.831646, "lon": 2.329884, "adresse": "34 AVENUE DU GENERAL LECLERC 75014 PARIS", "codePostal": "75014", "commune": "PARIS"}, "40112135500010": {"lat": 48.831255, "lon": 2.348836, "adresse": "63 RUE DE CROULEBARBE 75013 PARIS", "codePostal": "75013", "commune": "PARIS"}, "81403315500015": {"lat": 48.841314, "lon": 2.353483, "adresse": "24 RUE DAUBENTON 75005 PARIS", "codePostal": "75005", "commune": "PARIS"}, "77566322200120": {"lat": 48.850014, "lon": 2.352841, "adresse": "3 RUE COCHIN 75005 PARIS", "codePostal": "75005", "commune": "PARIS"}, "31716567800028": {"lat": 48.845647, "lon": 2.341534, "adresse": "15 RUE GAY-LUSSAC 75005 PARIS", "codePostal": "75005", "commune": "PARIS"}, "45305867900052": {"lat": 48.883092, "lon": 2.372019, "adresse": "14 AVENUE JEAN JAURES 75019 PARIS", "codePostal": "75019", "commune": "PARIS"}, "39413400100012": {"lat": 45.721713, "lon": 4.781953, "adresse": "99 RUE DE MERLO 69600 OULLINS-PIERRE-BENITE", "codePostal": "69600", "commune": "OULLINS-PIERRE-BENITE"}, "42088122900025": {"lat": 48.855227, "lon": 2.394452, "adresse": "29 A 31 29 RUE ROBERT ET SONIA DELAUNAY 75011 PARIS 11", "codePostal": "75011", "commune": "PARIS 11"}, "44966345900021": {"lat": 48.871779, "lon": 2.395133, "adresse": "5 A 7 5 RUE OLIVIER METRA 75020 PARIS", "codePostal": "75020", "commune": "PARIS"}, "39100034600042": {"lat": 48.890904, "lon": 2.374143, "adresse": "23 RUE MATHIS 75019 PARIS", "codePostal": "75019", "commune": "PARIS"}, "32589466500117": {"lat": 48.896641, "lon": 2.370134, "adresse": "BOITE AUX LETTRES 112 189 RUE D'AUBERVILLIERS 75018 PARIS", "codePostal": "75018", "commune": "PARIS"}, "48397234500035": {"lat": 48.880406, "lon": 2.376545, "adresse": "MAISON DU COMBATTANT ET DES ASSOCIATIO 20 RUE EDOUARD PAILLERON 75019 PARIS", "codePostal": "75019", "commune": "PARIS"}, "44415455300028": {"lat": 48.891105, "lon": 2.381263, "adresse": "ESC W 53 RUE DE L'OURCQ 75019 PARIS", "codePostal": "75019", "commune": "PARIS"}}